month,gen_charge,gen_source,overall_rate,overall_source
2018-10,5.1908,rate_schedule_pdf,9.9766,compiled
2018-11,5.2725,rate_schedule_pdf,10.1503,compiled
2018-12,5.3303,rate_schedule_pdf,10.219,compiled
2019-01,4.9119,rate_schedule_pdf,9.8385,compiled
2019-02,5.8939,rate_schedule_pdf,10.4067,compiled
2019-03,5.5973,rate_schedule_pdf,10.4961,compiled
2019-04,5.6322,rate_schedule_pdf,10.5582,compiled
2019-05,5.5508,rate_schedule_pdf,10.555,compiled
2019-06,5.4158,rate_schedule_pdf,10.0918,compiled
2019-07,5.4227,rate_schedule_pdf,9.985,compiled
2019-08,4.962,rate_schedule_pdf,9.5674,compiled
2019-09,4.5191,rate_schedule_pdf,9.1241,compiled
2019-10,4.5406,rate_schedule_pdf,9.0862,compiled
2019-11,5.0317,rate_schedule_pdf,9.5579,compiled
2020-01,4.9039,rate_schedule_pdf,9.4523,compiled
2020-02,4.509,rate_schedule_pdf,8.8623,compiled
2020-03,4.6632,rate_schedule_pdf,8.8901,compiled
2020-04,4.6385,rate_schedule_pdf,8.9951,compiled
2020-05,4.3848,rate_schedule_pdf,8.7468,compiled
2020-06,4.3413,rate_schedule_pdf,8.7251,compiled
2020-07,4.3344,rate_schedule_pdf,7.6932,compiled
2020-08,4.1241,rate_schedule_pdf,7.8907,compiled
2020-09,4.086,rate_schedule_pdf,8.4288,compiled
2020-10,4.2233,rate_schedule_pdf,8.2721,compiled
2020-11,4.2018,rate_schedule_pdf,8.2721,compiled
2020-12,4.1516,rate_schedule_pdf,8.075,compiled
2021-01,4.4574,rate_schedule_pdf,8.7497,compiled
2021-02,4.4152,rate_schedule_pdf,8.6793,compiled
2021-03,4.3749,rate_schedule_pdf,8.3195,compiled
2021-04,4.537,rate_schedule_pdf,8.4067,compiled
2021-05,4.5474,rate_schedule_pdf,8.592,compiled
2021-06,4.6171,rate_schedule_pdf,8.6718,compiled
2021-07,4.8707,rate_schedule_pdf,8.9071,compiled
2021-08,4.9322,rate_schedule_pdf,9.0036,compiled
2021-09,5.0439,rate_schedule_pdf,9.1091,compiled
2021-10,5.0435,rate_schedule_pdf,9.1386,compiled
2021-11,5.3346,rate_schedule_pdf,9.463,compiled
2021-12,5.5343,rate_schedule_pdf,9.7773,compiled
2022-01,5.4262,rate_schedule_pdf,9.7027,compiled
2022-02,5.1957,rate_schedule_pdf,9.7545,compiled
2022-03,5.4737,rate_schedule_pdf,10.1065,compiled
2022-04,5.8724,rate_schedule_pdf,10.183,compiled
2022-05,6.2277,rate_schedule_pdf,10.5152,compiled
2022-06,6.559,rate_schedule_pdf,10.4612,compiled
2022-07,6.7756,rate_schedule_pdf,9.7545,compiled
2022-08,6.5812,rate_schedule_pdf,9.5458,compiled
2022-09,6.9393,rate_schedule_pdf,9.9365,compiled
2022-10,6.9192,rate_schedule_pdf,9.8623,compiled
2022-11,6.9917,rate_schedule_pdf,9.9472,compiled
2022-12,6.7975,rate_schedule_pdf,10.2769,compiled
2023-01,7.1291,rate_schedule_pdf,10.9001,meralco_official
2023-02,6.9154,rate_schedule_pdf,10.8895,compiled
2023-03,7.379,rate_schedule_pdf,11.4348,compiled
2023-04,7.3295,rate_schedule_pdf,11.3168,compiled
2023-05,7.6697,rate_schedule_pdf,11.4929,compiled
2023-06,7.2502,rate_schedule_pdf,11.9112,compiled
2023-07,6.6066,rate_schedule_pdf,11.1899,compiled
2023-08,6.3929,rate_schedule_pdf,10.8991,compiled
2023-09,6.8252,rate_schedule_pdf,11.3997,compiled
2023-10,7.1267,rate_schedule_pdf,11.8198,meralco_official
2023-11,7.1938,rate_schedule_pdf,12.0545,meralco_official
2023-12,6.5332,Meralco January 2024 rates update,11.2584,compiled
2024-01,6.6468,rate_schedule_pdf,11.3221,meralco_official
2024-02,7.102,rate_schedule_pdf,11.8482,compiled
2024-03,6.7502,rate_schedule_pdf,11.9397,meralco_official
2024-04,6.3889,rate_schedule_pdf,10.9518,meralco_official
2024-05,6.8344,rate_schedule_pdf,11.4139,meralco_official
2024-06,5.0036,Meralco June 2024 rates update (May 6.8344 - 1.8308),9.4516,meralco_official
2024-07,7.0057,rate_schedule_pdf,11.6012,meralco_official
2024-08,6.9554,rate_schedule_pdf,11.6339,meralco_official
2024-09,6.8007,rate_schedule_pdf,11.7882,meralco_official
2024-10,6.4948,rate_schedule_pdf,11.4295,meralco_official
2024-11,6.7832,rate_schedule_pdf,11.8569,meralco_official
2024-12,6.9671,rate_schedule_pdf,11.9617,meralco_official
2025-01,6.8358,rate_schedule_pdf,11.7442,compiled
2025-02,7.2203,rate_schedule_pdf,11.9772,compiled
2025-03,7.0517,rate_schedule_pdf,12.2261,compiled
2025-04,7.7795,rate_schedule_pdf,13.0127,compiled
2025-05,7.4651,rate_schedule_pdf,12.2183,compiled
2025-06,7.3552,rate_schedule_pdf,12.1552,compiled
2025-07,7.6959,rate_schedule_pdf,12.6435,compiled
2025-08,8.0708,rate_schedule_pdf,13.2703,compiled
2025-09,7.8105,rate_schedule_pdf,13.0851,compiled
2025-10,8.0008,rate_schedule_pdf,13.3182,compiled
2025-11,7.9,rate_schedule_pdf,13.4702,compiled
2025-12,7.7642,rate_schedule_pdf,13.1145,compiled
2026-01,7.7471,rate_schedule_pdf,12.9508,meralco_official
2026-02,7.6398,rate_schedule_pdf,13.1734,meralco_official
2026-03,7.8607,rate_schedule_pdf,13.8161,compiled
2026-04,8.3864,rate_schedule_pdf,14.3496,compiled
2026-05,8.7942,rate_schedule_pdf,14.3345,meralco_official
2026-06,9.0704,rate_schedule_pdf,14.4833,meralco_official
2026-07,9.2504,rate_schedule_pdf,14.8261,meralco_official
2026-08,9.28,rate_schedule_pdf,14.7833,meralco_official
2026-09,9.7032,rate_schedule_pdf,14.7424,meralco_official
