month,tmax_c,heat_index_c,tmin_c,tmax_clim,tmax_anom,heat_index_clim,heat_index_anom,tmin_clim,tmin_anom,nino34_c,nino34_anom,oni,tmax_naia,tmax_science_garden,gen_charge,gen_source,overall_rate,overall_source,tmax_c_supply,tmax_clim_supply,tmax_anom_supply,heat_index_c_supply,heat_index_anom_supply,oni_supply,gen_dev_pct,staggered
2014-01,27.0519,28.2588,21.9137,28.0449,-0.9930,30.4848,-2.2260,23.5257,-1.6120,26.1957,-0.3204,-0.2803,29.5690,29.4033,,,,,,,,,,,,0
2014-02,29.1223,31.6284,22.5881,28.7847,0.3376,31.2769,0.3516,23.4548,-0.8666,26.2431,-0.4446,-0.2820,31.4818,30.6852,,,,,27.0519,28.0449,-0.9930,28.2588,-2.2260,-0.2803,,0
2014-03,30.2646,33.3550,23.9657,30.5609,-0.2963,34.0019,-0.6469,24.4061,-0.4404,27.1236,-0.0809,-0.1381,32.7750,32.5258,,,,,29.1223,28.7847,0.3376,31.6284,0.3516,-0.2820,,0
2014-04,32.6034,37.0157,25.4171,32.4064,0.1970,37.1507,-0.1351,25.6383,-0.2212,27.9197,0.1112,0.1273,35.1042,34.2300,,,,,30.2646,30.5609,-0.2963,33.3550,-0.6469,-0.1381,,0
2014-05,33.8838,40.3683,26.5971,32.6220,1.2618,38.9431,1.4251,26.4014,0.1957,28.2387,0.3515,0.2534,36.4448,35.3484,,,,,32.6034,32.4064,0.1970,37.0157,-0.1351,0.1273,,0
2014-06,30.0841,36.5048,25.4970,30.9384,-0.8543,37.5402,-1.0354,25.7525,-0.2555,28.0429,0.2976,0.2066,32.5481,32.9567,,,,,33.8838,32.6220,1.2618,40.3683,1.4251,0.2534,,0
2014-07,28.6754,33.7236,24.9606,29.5380,-0.8626,35.2205,-1.4970,25.3037,-0.3431,27.2928,-0.0294,0.1601,31.0440,31.3968,,,,,30.0841,30.9384,-0.8543,36.5048,-1.0354,0.2066,,0
2014-08,29.5446,35.1797,25.0051,29.3532,0.1914,35.0587,0.1210,25.2716,-0.2665,27.0666,0.2120,0.2082,31.1815,31.5300,,,,,28.6754,29.5380,-0.8626,33.7236,-1.4970,0.1601,,0
2014-09,29.1615,34.8277,24.9288,29.5543,-0.3928,35.3434,-0.5157,25.1658,-0.2370,27.1425,0.4420,0.3712,30.9350,31.6500,,,,,29.5446,29.3532,0.1914,35.1797,0.1210,0.2082,,0
2014-10,29.3307,34.0914,24.6994,29.8102,-0.4795,35.0471,-0.9557,25.2531,-0.5537,27.1831,0.4595,0.5458,31.9192,31.9033,,,,,29.1615,29.5543,-0.3928,34.8277,-0.5157,0.3712,,0
2014-11,29.7639,33.8640,24.7743,29.8770,-0.1131,34.5365,-0.6725,25.2864,-0.5121,27.4678,0.7360,0.6351,32.2619,31.7900,,,,,29.3307,29.8102,-0.4795,34.0914,-0.9557,0.5458,,0
2014-12,27.5241,30.1652,24.1478,28.6817,-1.1576,32.1434,-1.9782,24.5739,-0.4261,27.2885,0.7100,0.6621,30.1320,30.5321,,,,,29.7639,29.8770,-0.1131,33.8640,-0.6725,0.6351,,0
2015-01,27.0366,28.8460,22.2059,28.0449,-1.0083,30.4848,-1.6388,23.5257,-1.3198,27.0563,0.5403,0.5987,29.8040,29.4032,,,,,27.5241,28.6817,-1.1576,30.1652,-1.9782,0.6621,,0
2015-02,28.0541,29.7482,22.4501,28.7847,-0.7306,31.2769,-1.5286,23.4548,-1.0047,27.2335,0.5458,0.5263,30.6926,30.9464,,,,,27.0366,28.0449,-1.0083,28.8460,-1.6388,0.5987,,0
2015-03,29.8299,32.1250,23.3009,30.5609,-0.7310,34.0019,-1.8769,24.4061,-1.1051,27.6975,0.4930,0.5830,32.2667,32.3034,,,,,28.0541,28.7847,-0.7306,29.7482,-1.5286,0.5263,,0
2015-04,32.0530,36.0764,25.2293,32.4064,-0.3534,37.1507,-1.0743,25.6383,-0.4090,28.5189,0.7103,0.6820,34.6379,34.2828,,,,,29.8299,30.5609,-0.7310,32.1250,-1.8769,0.5830,,0
2015-05,32.3983,38.1536,25.8541,32.6220,-0.2237,38.9431,-0.7896,26.4014,-0.5472,28.7300,0.8428,0.8443,35.1296,34.5500,,,,,32.0530,32.4064,-0.3534,36.0764,-1.0743,0.6820,,0
2015-06,31.8277,38.3773,25.8993,30.9384,0.8893,37.5402,0.8371,25.7525,0.1467,28.7251,0.9799,1.0590,34.5923,34.2833,,,,,32.3983,32.6220,-0.2237,38.1536,-0.7896,0.8443,,0
2015-07,29.2526,34.1570,25.0299,29.5380,-0.2854,35.2205,-1.0635,25.3037,-0.2738,28.6765,1.3542,1.4124,31.9385,31.8103,,,,,31.8277,30.9384,0.8893,38.3773,0.8371,1.0590,,0
2015-08,29.5283,35.0209,25.1567,29.3532,0.1751,35.0587,-0.0378,25.2716,-0.1149,28.7576,1.9031,1.7878,31.8556,32.2548,,,,,29.2526,29.5380,-0.2854,34.1570,-1.0635,1.4124,,0
2015-09,30.3791,36.9457,25.0917,29.5543,0.8248,35.3434,1.6023,25.1658,-0.0740,28.8067,2.1061,2.1009,32.3852,32.7407,,,,,29.5283,29.3532,0.1751,35.0209,-0.0378,1.7878,,0
2015-10,29.9319,35.1171,25.1397,29.8102,0.1217,35.0471,0.0700,25.2531,-0.1134,29.0173,2.2937,2.3657,32.0773,32.1250,,,,,30.3791,29.5543,0.8248,36.9457,1.6023,2.1009,,0
2015-11,30.7512,35.0125,25.3305,29.8770,0.8742,34.5365,0.4760,25.2864,0.0442,29.4291,2.6973,2.5182,33.2148,33.3750,,,,,29.9319,29.8102,0.1217,35.1171,0.0700,2.3657,,0
2015-12,29.4065,32.8563,24.2135,28.6817,0.7248,32.1434,0.7128,24.5739,-0.3604,29.1422,2.5637,2.5571,31.4333,31.1600,,,,,30.7512,29.8770,0.8742,35.0125,0.4760,2.5182,,0
2016-01,29.2856,32.7247,23.9506,28.0449,1.2407,30.4848,2.2399,23.5257,0.4250,28.9264,2.4103,2.3487,31.7038,31.6194,,,,,29.4065,28.6817,0.7248,32.8563,0.7128,2.5571,,0
2016-02,28.5771,31.0125,23.6146,28.7847,-0.2076,31.2769,-0.2644,23.4548,0.1599,28.7596,2.0719,1.9974,31.7435,31.5619,,,,,29.2856,28.0449,1.2407,32.7247,2.2399,2.3487,,0
2016-03,30.9007,35.2072,24.6534,30.5609,0.3398,34.0019,1.2053,24.4061,0.2473,28.7146,1.5100,1.5105,33.6607,33.1767,,,,,28.5771,28.7847,-0.2076,31.0125,-0.2644,1.9974,,0
2016-04,33.4048,38.8024,26.0776,32.4064,0.9984,37.1507,1.6517,25.6383,0.4393,28.7581,0.9496,0.9221,35.5560,35.5033,,,,,30.9007,30.5609,0.3398,35.2072,1.2053,1.5105,,0
2016-05,32.9807,39.5985,26.5219,32.6220,0.3587,38.9431,0.6554,26.4014,0.1205,28.1939,0.3067,0.3827,35.5958,34.8419,,,,,33.4048,32.4064,0.9984,38.8024,1.6517,0.9221,,0
2016-06,30.9740,37.8678,25.9191,30.9384,0.0356,37.5402,0.3276,25.7525,0.1665,27.6372,-0.1080,-0.0624,33.6615,33.6679,,,,,32.9807,32.6220,0.3587,39.5985,0.6554,0.3827,,0
2016-07,30.2325,36.4534,25.2929,29.5380,0.6945,35.2205,1.2329,25.3037,-0.0108,26.9364,-0.3859,-0.3052,33.1833,32.7379,,,,,30.9740,30.9384,0.0356,37.8678,0.3276,-0.0624,,0
2016-08,28.4747,33.7995,25.4082,29.3532,-0.8785,35.0587,-1.2592,25.2716,0.1366,26.4327,-0.4218,-0.4229,31.4160,30.8759,,,,,30.2325,29.5380,0.6945,36.4534,1.2329,-0.3052,,0
2016-09,29.5787,35.5760,25.2051,29.5543,0.0244,35.3434,0.2326,25.1658,0.0393,26.2394,-0.4611,-0.4731,31.9500,31.5862,,,,,28.4747,29.3532,-0.8785,33.7995,-1.2592,-0.4229,,0
2016-10,29.6651,35.3600,25.4261,29.8102,-0.1451,35.0471,0.3129,25.2531,0.1730,26.1873,-0.5363,-0.4977,32.1241,31.9633,,,,,29.5787,29.5543,0.0244,35.5760,0.2326,-0.4731,,0
2016-11,29.6261,34.1212,25.1777,29.8770,-0.2509,34.5365,-0.4153,25.2864,-0.1087,26.2360,-0.4958,-0.4746,31.9000,31.7552,,,,,29.6651,29.8102,-0.1451,35.3600,0.3129,-0.4977,,0
2016-12,28.8703,32.5485,24.9481,28.6817,0.1886,32.1434,0.4050,24.5739,0.3742,26.1869,-0.3916,-0.3982,31.5857,31.2400,,,,,29.6261,29.8770,-0.2509,34.1212,-0.4153,-0.4746,,0
2017-01,27.7493,29.9377,23.8199,28.0449,-0.2956,30.4848,-0.5471,23.5257,0.2943,26.2089,-0.3072,-0.2040,30.5846,30.4069,,,,,28.8703,28.6817,0.1886,32.5485,0.4050,-0.3982,,0
2017-02,28.0984,30.4298,23.3731,28.7847,-0.6863,31.2769,-0.8470,23.4548,-0.0816,26.7744,0.0867,-0.0225,30.6520,30.3679,,,,,27.7493,28.0449,-0.2956,29.9377,-0.5471,-0.2040,,0
2017-03,30.3843,33.5289,24.1783,30.5609,-0.1766,34.0019,-0.4730,24.4061,-0.2278,27.3576,0.1530,0.1602,32.9448,32.5567,,,,,28.0984,28.7847,-0.6863,30.4298,-0.8470,-0.0225,,0
2017-04,32.1577,37.1787,25.3989,32.4064,-0.2488,37.1507,0.0280,25.6383,-0.2394,28.0495,0.2409,0.2734,34.2172,33.9759,,,,,30.3843,30.5609,-0.1766,33.5289,-0.4730,0.1602,,0
2017-05,32.0886,38.6981,26.1628,32.6220,-0.5335,38.9431,-0.2451,26.4014,-0.2386,28.3134,0.4262,0.3469,34.8036,34.4967,,,,,32.1577,32.4064,-0.2488,37.1787,0.0280,0.2734,,0
2017-06,31.7152,38.7733,25.8084,30.9384,0.7768,37.5402,1.2331,25.7525,0.0559,28.1189,0.3737,0.3815,33.8583,33.8931,,,,,32.0886,32.6220,-0.5335,38.6981,-0.2451,0.3469,,0
2017-07,29.3189,34.7752,25.1475,29.5380,-0.2192,35.2205,-0.4453,25.3037,-0.1562,27.6668,0.3445,0.2157,32.6160,32.2552,,,,,31.7152,30.9384,0.7768,38.7733,1.2331,0.3815,,0
2017-08,30.0131,36.2103,25.3912,29.3532,0.6599,35.0587,1.1515,25.2716,0.1196,26.7833,-0.0713,-0.0259,32.5652,32.3690,,,,,29.3189,29.5380,-0.2192,34.7752,-0.4453,0.2157,,0
2017-09,30.1890,36.5974,25.4077,29.5543,0.6347,35.3434,1.2541,25.1658,0.2419,26.3496,-0.3509,-0.2952,32.5667,32.4000,,,,,30.0131,29.3532,0.6599,36.2103,1.1515,-0.0259,,0
2017-10,29.4881,34.9453,25.2193,29.8102,-0.3221,35.0471,-0.1018,25.2531,-0.0338,26.2602,-0.4633,-0.5667,31.6154,31.2548,,,,,30.1890,29.5543,0.6347,36.5974,1.2541,-0.2952,,0
2017-11,29.2899,33.8196,25.4048,29.8770,-0.5871,34.5365,-0.7169,25.2864,0.1184,25.8460,-0.8858,-0.7469,33.0913,31.8607,,,,,29.4881,29.8102,-0.3221,34.9453,-0.1018,-0.5667,,0
2017-12,28.3429,31.7899,24.5512,28.6817,-0.3388,32.1434,-0.3535,24.5739,-0.0227,25.6871,-0.8914,-0.8346,30.6476,30.3200,,,,,29.2899,29.8770,-0.5871,33.8196,-0.7169,-0.7469,,0
2018-01,28.1607,31.1005,24.0047,28.0449,0.1158,30.4848,0.6156,23.5257,0.4790,25.7896,-0.7265,-0.7717,30.9643,30.4300,,,,,28.3429,28.6817,-0.3388,31.7899,-0.3535,-0.8346,,0
2018-02,29.2087,32.4500,23.9926,28.7847,0.4240,31.2769,1.1732,23.4548,0.5379,25.9905,-0.6972,-0.7247,31.3870,31.5538,,,,,28.1607,28.0449,0.1158,31.1005,0.6156,-0.7717,,0
2018-03,30.0856,33.1524,24.4040,30.5609,-0.4753,34.0019,-0.8495,24.4061,-0.0021,26.4543,-0.7502,-0.6641,32.5800,32.2161,,,,,29.2087,28.7847,0.4240,32.4500,1.1732,-0.7247,,0
2018-04,31.9054,36.7291,25.5948,32.4064,-0.5010,37.1507,-0.4216,25.6383,-0.0435,27.2639,-0.5447,-0.4969,34.4966,33.4586,,,,,30.0856,30.5609,-0.4753,33.1524,-0.8495,-0.6641,,0
2018-05,33.4610,39.4636,26.6821,32.6220,0.8390,38.9431,0.5205,26.4014,0.2807,27.6915,-0.1957,-0.2099,36.1517,34.5033,,,,,31.9054,32.4064,-0.5010,36.7291,-0.4216,-0.4969,,0
2018-06,29.4698,34.6920,25.2425,30.9384,-1.4686,37.5402,-2.8482,25.7525,-0.5100,27.8560,0.1108,0.0600,32.5056,31.3967,,,,,33.4610,32.6220,0.8390,39.4636,0.5205,-0.2099,,0
2018-07,27.7952,32.2635,24.7452,29.5380,-1.7428,35.2205,-2.9570,25.3037,-0.5584,27.5872,0.2650,0.1974,30.6600,30.3226,,,,,29.4698,30.9384,-1.4686,34.6920,-2.8482,0.0600,,0
2018-08,28.4461,33.4378,25.0809,29.3532,-0.9071,35.0587,-1.6209,25.2716,-0.1907,27.0711,0.2166,0.2495,31.0792,30.6862,,,,,27.7952,29.5380,-1.7428,32.2635,-2.9570,0.1974,,0
2018-09,29.4428,35.0069,25.0512,29.5543,-0.1115,35.3434,-0.3364,25.1658,-0.1146,26.9675,0.2669,0.3984,31.3615,31.6345,,,,,28.4461,29.3532,-0.9071,33.4378,-1.6209,0.2495,,0
2018-10,30.7936,36.0464,25.2246,29.8102,0.9834,35.0471,0.9993,25.2531,-0.0285,27.4354,0.7118,0.5777,32.8440,32.3400,5.1908,rate_schedule_pdf,9.9766,compiled,29.4428,29.5543,-0.1115,35.0069,-0.3364,0.3984,-3.9475,0
2018-11,30.2725,34.3478,25.2063,29.8770,0.3955,34.5365,-0.1887,25.2864,-0.0801,27.4862,0.7544,0.7500,32.7696,32.2828,5.2725,rate_schedule_pdf,10.1503,compiled,30.7936,29.8102,0.9834,36.0464,0.9993,0.5777,-2.7656,0
2018-12,28.6413,31.6699,24.7108,28.6817,-0.0404,32.1434,-0.4735,24.5739,0.1369,27.3623,0.7838,0.7073,31.4947,30.9643,5.3303,rate_schedule_pdf,10.2190,compiled,30.2725,29.8770,0.3955,34.3478,-0.1887,0.7500,-1.6862,0
2019-01,27.7907,29.8599,23.4592,28.0449,-0.2541,30.4848,-0.6249,23.5257,-0.0665,27.0997,0.5836,0.6726,30.7824,30.5467,4.9119,rate_schedule_pdf,9.8385,compiled,28.6413,28.6817,-0.0404,31.6699,-0.4735,0.7073,-9.4050,0
2019-02,29.1501,31.1695,22.4826,28.7847,0.3654,31.2769,-0.1074,23.4548,-0.9722,27.3381,0.6504,0.7030,,31.4296,5.8939,rate_schedule_pdf,10.4067,compiled,27.7907,28.0449,-0.2541,29.8599,-0.6249,0.6726,9.5517,0
2019-03,30.9479,33.9066,24.1661,30.5609,0.3870,34.0019,-0.0954,24.4061,-0.2400,28.0796,0.8750,0.7210,,33.0448,5.5973,rate_schedule_pdf,10.4961,compiled,29.1501,28.7847,0.3654,31.1695,-0.1074,0.7030,5.4448,0
2019-04,33.0811,37.3864,25.9655,32.4064,0.6747,37.1507,0.2356,25.6383,0.3272,28.4462,0.6376,0.7334,35.8133,34.7897,5.6322,rate_schedule_pdf,10.5582,compiled,30.9479,30.5609,0.3870,33.9066,-0.0954,0.7210,7.2959,0
2019-05,31.4844,38.5984,25.9975,32.6220,-1.1377,38.9431,-0.3447,26.4014,-0.4039,28.5749,0.6877,0.6081,34.6211,33.8815,5.5508,rate_schedule_pdf,10.5550,compiled,33.0811,32.4064,0.6747,37.3864,0.2356,0.7334,5.9923,0
2019-06,31.7160,39.0065,26.1807,30.9384,0.7776,37.5402,1.4663,25.7525,0.4282,28.2442,0.4990,0.5100,34.9333,33.8966,5.4158,rate_schedule_pdf,10.0918,compiled,31.4844,32.6220,-1.1377,38.5984,-0.3447,0.6081,3.4729,0
2019-07,29.7192,35.8980,25.1865,29.5380,0.1812,35.2205,0.6774,25.3037,-0.1172,27.6655,0.3433,0.2922,32.4882,32.1655,5.4227,rate_schedule_pdf,9.9850,compiled,31.7160,30.9384,0.7776,39.0065,1.4663,0.5100,4.3129,0
2019-08,28.0766,32.7586,25.2933,29.3532,-1.2766,35.0587,-2.3001,25.2716,0.0217,26.8888,0.0342,0.0715,31.0467,30.5536,4.9620,rate_schedule_pdf,9.5674,compiled,29.7192,29.5380,0.1812,35.8980,0.6774,0.2922,-3.9288,0
2019-09,28.5501,33.1202,25.1451,29.5543,-1.0042,35.3434,-2.2231,25.1658,-0.0206,26.5376,-0.1630,0.1028,31.3480,30.8857,4.5191,rate_schedule_pdf,9.1241,compiled,28.0766,29.3532,-1.2766,32.7586,-2.3001,0.0715,-10.7313,0
2019-10,30.7498,35.8564,25.3282,29.8102,0.9396,35.0471,0.8093,25.2531,0.0751,27.1608,0.4372,0.2304,32.9583,32.3484,4.5406,rate_schedule_pdf,9.0862,compiled,28.5501,29.5543,-1.0042,33.1202,-2.2231,0.1028,-8.8683,0
2019-11,29.3789,34.3306,25.2295,29.8770,-0.4981,34.5365,-0.2059,25.2864,-0.0569,27.1487,0.4169,0.4253,31.6000,31.5552,5.0317,rate_schedule_pdf,9.5579,compiled,30.7498,29.8102,0.9396,35.8564,0.8093,0.2304,3.1401,0
2019-12,28.8681,32.4913,24.6841,28.6817,0.1864,32.1434,0.3479,24.5739,0.1102,27.0002,0.4217,0.4400,32.0320,31.8333,,,,,29.3789,29.8770,-0.4981,34.3306,-0.2059,0.4253,,0
2020-01,28.8852,31.8994,23.8198,28.0449,0.8403,30.4848,1.4145,23.5257,0.2941,26.9976,0.4815,0.4228,31.2080,30.8067,4.9039,rate_schedule_pdf,9.4523,compiled,28.8681,28.6817,0.1864,32.4913,0.3479,0.4400,4.6143,0
2020-02,28.4457,30.5098,23.2147,28.7847,-0.3390,31.2769,-0.7671,23.4548,-0.2400,27.0528,0.3651,0.4201,31.3000,30.6393,4.5090,rate_schedule_pdf,8.8623,compiled,28.8852,28.0449,0.8403,31.8994,1.4145,0.4228,-1.5370,0
2020-03,31.3430,35.3441,24.8913,30.5609,0.7821,34.0019,1.3422,24.4061,0.4852,27.6182,0.4136,0.3642,33.8000,33.5393,4.6632,rate_schedule_pdf,8.8901,compiled,28.4457,28.7847,-0.3390,30.5098,-0.7671,0.4201,3.4799,0
2020-04,32.3893,37.9624,25.8736,32.4064,-0.0172,37.1507,0.8117,25.6383,0.2353,28.1223,0.3138,0.1354,34.9917,34.1964,4.6385,rate_schedule_pdf,8.9951,compiled,31.3430,30.5609,0.7821,35.3441,1.3422,0.3642,3.4979,0
2020-05,32.3150,39.6301,26.6190,32.6220,-0.3070,38.9431,0.6869,26.4014,0.2176,27.5661,-0.3211,-0.1665,35.0821,34.8484,4.3848,rate_schedule_pdf,8.7468,compiled,32.3893,32.4064,-0.0172,37.9624,0.8117,0.1354,-1.5426,0
2020-06,31.6723,38.6347,26.1117,30.9384,0.7339,37.5402,1.0945,25.7525,0.3592,27.2532,-0.4921,-0.3564,34.6077,33.6400,4.3413,rate_schedule_pdf,8.7251,compiled,32.3150,32.6220,-0.3070,39.6301,0.6869,-0.1665,-0.8871,0
2020-07,31.2348,38.2387,25.8301,29.5380,1.6968,35.2205,3.0182,25.3037,0.5264,27.0661,-0.2561,-0.4670,,32.8793,4.3344,rate_schedule_pdf,7.6932,compiled,31.6723,30.9384,0.7339,38.6347,1.0945,-0.3564,-1.1787,0
2020-08,29.6438,35.6385,25.2784,29.3532,0.2905,35.0587,0.5798,25.2716,0.0068,26.2016,-0.6529,-0.6068,,31.7444,4.1241,rate_schedule_pdf,7.8907,compiled,31.2348,29.5380,1.6968,38.2387,3.0182,-0.4670,-5.1606,0
2020-09,30.7261,37.9390,25.6231,29.5543,1.1718,35.3434,2.5957,25.1658,0.4574,25.7891,-0.9115,-0.9836,33.3100,32.7000,4.0860,rate_schedule_pdf,8.4288,compiled,29.6438,29.3532,0.2905,35.6385,0.5798,-0.6068,-5.8133,0
2020-10,28.9016,33.8609,25.1653,29.8102,-0.9086,35.0471,-1.1862,25.2531,-0.0878,25.3372,-1.3864,-1.2350,32.0696,31.0167,4.2233,rate_schedule_pdf,8.2721,compiled,30.7261,29.5543,1.1718,37.9390,2.5957,-0.9836,-2.4301,0
2020-11,28.8652,33.1882,24.9616,29.8770,-1.0118,34.5365,-1.3483,25.2864,-0.3248,25.3248,-1.4070,-1.3030,32.0136,30.8867,4.2018,rate_schedule_pdf,8.2721,compiled,28.9016,29.8102,-0.9086,33.8609,-1.1862,-1.2350,-2.7694,0
2020-12,28.6817,32.8024,24.7016,28.6817,-0.0000,32.1434,0.6590,24.5739,0.1277,25.4630,-1.1155,-1.1684,31.3280,30.3900,4.1516,rate_schedule_pdf,8.0750,compiled,28.8652,29.8770,-1.0118,33.1882,-1.3483,-1.3030,-4.3266,0
2021-01,28.0821,30.8958,24.0302,28.0449,0.0372,30.4848,0.4110,23.5257,0.5045,25.5333,-0.9828,-0.9615,30.3786,29.5161,4.4574,rate_schedule_pdf,8.7497,compiled,28.6817,28.6817,-0.0000,32.8024,0.6590,-1.1684,1.7655,0
2021-02,28.3999,31.2597,23.7379,28.7847,-0.3849,31.2769,-0.0171,23.4548,0.2831,25.9014,-0.7863,-0.7635,31.6412,30.8500,4.4152,rate_schedule_pdf,8.6793,compiled,28.0821,28.0449,0.0372,30.8958,0.4110,-0.9615,-0.2452,0
2021-03,30.6210,35.0336,24.8790,30.5609,0.0601,34.0019,1.0317,24.4061,0.4729,26.6830,-0.5215,-0.6348,34.0095,32.6667,4.3749,rate_schedule_pdf,8.3195,compiled,28.3999,28.7847,-0.3849,31.2597,-0.0171,-0.7635,-2.7110,0
2021-04,31.5045,35.9462,25.0343,32.4064,-0.9019,37.1507,-1.2045,25.6383,-0.6040,27.2120,-0.5966,-0.4908,33.6550,32.8591,4.5370,rate_schedule_pdf,8.4067,compiled,30.6210,30.5609,0.0601,35.0336,1.0317,-0.6348,-0.7321,0
2021-05,33.1883,39.2334,26.7744,32.6220,0.5662,38.9431,0.2903,26.4014,0.3730,27.5328,-0.3544,-0.3669,36.3240,35.0935,4.5474,rate_schedule_pdf,8.5920,compiled,31.5045,32.4064,-0.9019,35.9462,-1.2045,-0.4908,-2.3313,0
2021-06,30.0175,36.1498,25.4869,30.9384,-0.9209,37.5402,-1.3904,25.7525,-0.2657,27.5957,-0.1496,-0.2403,33.2720,32.6400,4.6171,rate_schedule_pdf,8.6718,compiled,33.1883,32.6220,0.5662,39.2334,0.2903,-0.3669,-2.9704,0
2021-07,29.0159,34.1241,25.4788,29.5380,-0.5221,35.2205,-1.0965,25.3037,0.1751,27.1052,-0.2170,-0.2531,32.0577,30.8769,4.8707,rate_schedule_pdf,8.9071,compiled,30.0175,30.9384,-0.9209,36.1498,-1.3904,-0.2403,0.2926,0
2021-08,29.6771,35.5808,25.2059,29.3532,0.3239,35.0587,0.5221,25.2716,-0.0658,26.4619,-0.3926,-0.3507,32.8958,31.7033,4.9322,rate_schedule_pdf,9.0036,compiled,29.0159,29.5380,-0.5221,34.1241,-1.0965,-0.2531,0.3850,0
2021-09,29.9899,35.8205,25.0474,29.5543,0.4356,35.3434,0.4771,25.1658,-0.1184,26.2580,-0.4425,-0.6018,32.6292,31.4000,5.0439,rate_schedule_pdf,9.1091,compiled,29.6771,29.3532,0.3239,35.5808,0.5221,-0.3507,0.9849,0
2021-10,29.4311,34.2573,25.2364,29.8102,-0.3791,35.0471,-0.7898,25.2531,-0.0167,25.7535,-0.9701,-0.7907,32.0957,31.3767,5.0435,rate_schedule_pdf,9.1386,compiled,29.9899,29.5543,0.4356,35.8205,0.4771,-0.6018,-1.2994,0
2021-11,30.3458,35.5202,25.4669,29.8770,0.4688,34.5365,0.9837,25.2864,0.1806,25.7723,-0.9596,-0.9733,32.9920,32.1448,5.3346,rate_schedule_pdf,9.4630,compiled,29.4311,29.8102,-0.3791,34.2573,-0.7898,-0.7907,1.8062,0
2021-12,28.4454,31.1069,23.8624,28.6817,-0.2363,32.1434,-1.0365,24.5739,-0.7115,25.5882,-0.9903,-0.9339,31.5174,30.6000,5.5343,rate_schedule_pdf,9.7773,compiled,30.3458,29.8770,0.4688,35.5202,0.9837,-0.9733,2.5879,0
2022-01,28.5470,30.9275,23.3468,28.0449,0.5021,30.4848,0.4427,23.5257,-0.1788,25.6644,-0.8517,-0.8679,31.3393,30.4607,5.4262,rate_schedule_pdf,9.7027,compiled,28.4454,28.6817,-0.2363,31.1069,-1.0365,-0.9339,-2.4193,0
2022-02,29.4624,32.2946,24.2224,28.7847,0.6776,31.2769,1.0178,23.4548,0.7677,25.9261,-0.7616,-0.8789,32.6630,31.5423,5.1957,rate_schedule_pdf,9.7545,compiled,28.5470,28.0449,0.5021,30.9275,0.4427,-0.8679,-8.7242,0
2022-03,31.4137,36.0045,25.2208,30.5609,0.8528,34.0019,2.0025,24.4061,0.8147,26.1812,-1.0233,-0.9665,34.3500,33.3129,5.4737,rate_schedule_pdf,10.1065,compiled,29.4624,28.7847,0.6776,32.2946,1.0178,-0.8789,-6.3797,0
2022-04,30.9554,35.2183,25.3181,32.4064,-1.4510,37.1507,-1.9324,25.6383,-0.3202,26.6939,-1.1147,-1.0851,33.9250,32.7259,5.8724,rate_schedule_pdf,10.1830,compiled,31.4137,30.5609,0.8528,36.0045,2.0025,-0.9665,-1.9789,0
2022-05,31.7774,37.2809,25.9093,32.6220,-0.8446,38.9431,-1.6623,26.4014,-0.4921,26.7698,-1.1174,-0.9947,34.7214,33.7000,6.2277,rate_schedule_pdf,10.5152,compiled,30.9554,32.4064,-1.4510,35.2183,-1.9324,-1.0851,1.4149,0
2022-06,31.4250,38.0939,25.5689,30.9384,0.4866,37.5402,0.5537,25.7525,-0.1837,26.9932,-0.7520,-0.8375,33.8538,32.8893,6.5590,rate_schedule_pdf,10.4612,compiled,31.7774,32.6220,-0.8446,37.2809,-1.6623,-0.9947,4.8878,0
2022-07,30.5024,37.2803,25.5983,29.5380,0.9644,35.2205,2.0598,25.3037,0.2946,26.6791,-0.6431,-0.7635,32.9227,32.0267,6.7756,rate_schedule_pdf,9.7545,compiled,31.4250,30.9384,0.4866,38.0939,0.5537,-0.8375,6.2669,0
2022-08,29.0261,34.0193,25.0199,29.3532,-0.3271,35.0587,-1.0395,25.2716,-0.2517,25.9591,-0.8954,-0.8225,32.1217,31.4346,6.5812,rate_schedule_pdf,9.5458,compiled,30.5024,29.5380,0.9644,37.2803,2.0598,-0.7635,1.3962,0
2022-09,29.1563,34.4366,24.9896,29.5543,-0.3980,35.3434,-0.9068,25.1658,-0.1762,25.7717,-0.9289,-0.9166,31.7063,31.5125,6.9393,rate_schedule_pdf,9.9365,compiled,29.0261,29.3532,-0.3271,34.0193,-1.0395,-0.8225,4.2168,0
2022-10,29.8708,35.1126,25.3859,29.8102,0.0606,35.0471,0.0655,25.2531,0.1328,25.7979,-0.9257,-0.9620,,32.0417,6.9192,rate_schedule_pdf,9.8623,compiled,29.1563,29.5543,-0.3980,34.4366,-0.9068,-0.9166,1.7338,0
2022-11,29.9885,34.8868,25.3367,29.8770,0.1115,34.5365,0.3503,25.2864,0.0503,25.7003,-1.0316,-0.9431,31.4867,31.9346,6.9917,rate_schedule_pdf,9.9472,compiled,29.8708,29.8102,0.0606,35.1126,0.0655,-0.9620,0.7518,0
2022-12,28.2876,31.3820,24.5660,28.6817,-0.3941,32.1434,-0.7614,24.5739,-0.0079,25.7065,-0.8720,-0.8664,,30.5696,6.7975,rate_schedule_pdf,10.2769,compiled,29.9885,29.8770,0.1115,34.8868,0.3503,-0.9431,-3.1445,0
2023-01,27.3222,29.3496,23.8340,28.0449,-0.7227,30.4848,-1.1352,23.5257,0.3083,25.8203,-0.6957,-0.6766,30.0765,29.7586,7.1291,rate_schedule_pdf,10.9001,meralco_official,28.2876,28.6817,-0.3941,31.3820,-0.7614,-0.8664,1.5274,0
2023-02,28.3167,30.7866,23.7591,28.7847,-0.4680,31.2769,-0.4903,23.4548,0.3044,26.2257,-0.4621,-0.3819,31.9042,31.2679,6.9154,rate_schedule_pdf,10.8895,compiled,27.3222,28.0449,-0.7227,29.3496,-1.1352,-0.6766,-1.1013,0
2023-03,29.8546,32.3691,23.6088,30.5609,-0.7063,34.0019,-1.6328,24.4061,-0.7973,27.2167,0.0122,-0.1137,33.1345,32.0897,7.3790,rate_schedule_pdf,11.4348,compiled,28.3167,28.7847,-0.4680,30.7866,-0.4903,-0.3819,5.2462,0
2023-04,31.3393,36.1177,25.5555,32.4064,-1.0671,37.1507,-1.0331,25.6383,-0.0828,27.9174,0.1088,0.1958,34.4000,33.2103,7.3295,rate_schedule_pdf,11.3168,compiled,29.8546,30.5609,-0.7063,32.3691,-1.6328,-0.1137,4.3257,0
2023-05,31.4424,38.2297,26.2829,32.6220,-1.1796,38.9431,-0.7134,26.4014,-0.1185,28.3537,0.4665,0.4865,34.5077,33.9720,7.6697,rate_schedule_pdf,11.4929,compiled,31.3393,32.4064,-1.0671,36.1177,-1.0331,0.1958,8.8408,0
2023-06,30.7372,37.3390,25.7141,30.9384,-0.2012,37.5402,-0.2012,25.7525,-0.0384,28.6296,0.8843,0.8027,33.3920,32.5370,7.2502,rate_schedule_pdf,11.9112,compiled,31.4424,32.6220,-1.1796,38.2297,-0.7134,0.4865,3.4052,0
2023-07,29.9769,35.5419,25.5650,29.5380,0.4389,35.2205,0.3214,25.3037,0.2613,28.3794,1.0572,1.1077,32.8200,32.1276,6.6066,rate_schedule_pdf,11.1899,compiled,30.7372,30.9384,-0.2012,37.3390,-0.2012,0.8027,-5.6180,0
2023-08,29.5633,36.1470,25.8691,29.3532,0.2101,35.0587,1.0883,25.2716,0.5975,28.2362,1.3817,1.3506,31.8652,31.5241,6.3929,rate_schedule_pdf,10.8991,compiled,29.9769,29.5380,0.4389,35.5419,0.3214,1.1077,-8.6437,0
2023-09,29.9368,36.1962,25.4437,29.5543,0.3825,35.3434,0.8529,25.1658,0.2779,28.3135,1.6130,1.5535,32.3519,31.6964,6.8252,rate_schedule_pdf,11.3997,compiled,29.5633,29.3532,0.2101,36.1470,1.0883,1.3506,-2.2886,0
2023-10,29.6979,34.8658,25.3141,29.8102,-0.1123,35.0471,-0.1813,25.2531,0.0610,28.3894,1.6658,1.7050,31.9560,31.2000,7.1267,rate_schedule_pdf,11.8198,meralco_official,29.9368,29.5543,0.3825,36.1962,0.8529,1.5535,3.1525,0
2023-11,30.3900,35.3402,25.5557,29.8770,0.5130,34.5365,0.8037,25.2864,0.2693,28.5681,1.8363,1.8339,33.1464,31.6233,7.1938,rate_schedule_pdf,12.0545,meralco_official,29.6979,29.8102,-0.1123,34.8658,-0.1813,1.7050,4.7008,0
2023-12,29.8177,34.1423,24.9394,28.6817,1.1360,32.1434,1.9989,24.5739,0.3655,28.5782,1.9997,1.8900,32.4346,31.1355,6.5332,Meralco January 2024 rates update,11.2584,compiled,30.3900,29.8770,0.5130,35.3402,0.8037,1.8339,-1.9882,0
2024-01,28.4149,30.9925,23.7997,28.0449,0.3700,30.4848,0.5077,23.5257,0.2741,28.3500,1.8339,1.8102,31.4654,30.0677,6.6468,rate_schedule_pdf,11.3221,meralco_official,29.8177,28.6817,1.1360,34.1423,1.9989,1.8900,-0.0019,0
2024-02,30.0509,32.4774,23.9012,28.7847,1.2662,31.2769,1.2005,23.4548,0.4464,28.2847,1.5970,1.5785,32.8810,32.2857,7.1020,rate_schedule_pdf,11.8482,compiled,28.4149,28.0449,0.3700,30.9925,0.5077,1.8102,6.4169,0
2024-03,30.5523,33.8021,24.5603,30.5609,-0.0087,34.0019,-0.1999,24.4061,0.1542,28.5092,1.3046,1.2796,33.1045,32.1885,6.7502,rate_schedule_pdf,11.9397,meralco_official,30.0509,28.7847,1.2662,32.4774,1.2005,1.5785,0.6723,0
2024-04,34.0225,38.6769,26.2171,32.4064,1.6161,37.1507,1.5262,25.6383,0.5788,28.7459,0.9373,0.8495,36.2792,35.7893,6.3889,rate_schedule_pdf,10.9518,meralco_official,30.5523,30.5609,-0.0087,33.8021,-0.1999,1.2796,-4.3536,0
2024-05,33.4604,39.2180,26.9327,32.6220,0.8384,38.9431,0.2748,26.4014,0.5314,28.1938,0.3066,0.4884,36.1667,34.5690,6.8344,rate_schedule_pdf,11.4139,meralco_official,34.0225,32.4064,1.6161,38.6769,1.5262,0.8495,2.7222,0
2024-06,31.7375,39.2087,26.3225,30.9384,0.7991,37.5402,1.6685,25.7525,0.5700,27.9664,0.2212,0.2047,34.3577,33.7414,5.0036,Meralco June 2024 rates update (May 6.8344 - 1.8308),9.4516,meralco_official,33.4604,32.6220,0.8384,39.2180,0.2748,0.4884,-24.5974,1
2024-07,30.2402,36.7310,25.5081,29.5380,0.7021,35.2205,1.5105,25.3037,0.2044,27.4087,0.0864,0.1100,33.1762,32.2097,7.0057,rate_schedule_pdf,11.6012,meralco_official,31.7375,30.9384,0.7991,39.2087,1.6685,0.2047,5.2045,1
2024-08,30.2493,37.2587,25.5869,29.3532,0.8961,35.0587,2.1999,25.2716,0.3153,26.8769,0.0224,-0.0787,32.7917,32.7000,6.9554,rate_schedule_pdf,11.6339,meralco_official,30.2402,29.5380,0.7021,36.7310,1.5105,0.1100,3.7618,0
2024-09,29.3343,34.9233,25.3339,29.5543,-0.2200,35.3434,-0.4200,25.1658,0.1681,26.3558,-0.3447,-0.2801,32.1407,31.4481,6.8007,rate_schedule_pdf,11.7882,meralco_official,30.2493,29.3532,0.8961,37.2587,2.1999,-0.0787,1.5125,0
2024-10,29.9096,35.4607,25.5535,29.8102,0.0994,35.0471,0.4136,25.2531,0.3004,26.2055,-0.5181,-0.3744,32.7158,31.5125,6.4948,rate_schedule_pdf,11.4295,meralco_official,29.3343,29.5543,-0.2200,34.9233,-0.4200,-0.2801,-4.1859,0
2024-11,30.7137,36.0855,25.5258,29.8770,0.8367,34.5365,1.5490,25.2864,0.2394,26.4715,-0.2603,-0.4937,32.8045,32.1440,6.7832,rate_schedule_pdf,11.8569,meralco_official,29.9096,29.8102,0.0994,35.4607,0.4136,-0.3744,-1.1387,0
2024-12,28.4771,32.1690,24.9501,28.6817,-0.2046,32.1434,0.0256,24.5739,0.3762,25.8759,-0.7026,-0.5803,31.6600,30.3966,6.9671,rate_schedule_pdf,11.9617,meralco_official,30.7137,29.8770,0.8367,36.0855,1.5490,-0.4937,0.9521,0
2025-01,28.2123,31.0254,24.1234,28.0449,0.1674,30.4848,0.5406,23.5257,0.5977,25.7381,-0.7780,-0.6531,31.4393,30.5161,6.8358,rate_schedule_pdf,11.7442,compiled,28.4771,28.6817,-0.2046,32.1690,0.0256,-0.5803,-3.8361,0
2025-02,28.5302,31.5557,24.1206,28.7847,-0.2545,31.2769,0.2789,23.4548,0.6659,26.2091,-0.4786,-0.3896,31.8962,30.7704,7.2203,rate_schedule_pdf,11.9772,compiled,28.2123,28.0449,0.1674,31.0254,0.5406,-0.6531,0.4155,0
2025-03,30.5333,34.1947,25.0444,30.5609,-0.0276,34.0019,0.1928,24.4061,0.6383,27.2924,0.0878,-0.1816,33.1793,32.3552,7.0517,rate_schedule_pdf,12.2261,compiled,28.5302,28.7847,-0.2545,31.5557,0.2789,-0.3896,-2.8183,0
2025-04,33.4607,38.6985,25.9775,32.4064,1.0542,37.1507,1.5477,25.6383,0.3392,27.6547,-0.1539,-0.0364,35.8160,34.3967,7.7795,rate_schedule_pdf,13.0127,compiled,30.5333,30.5609,-0.0276,34.1947,0.1928,-0.1816,5.8649,0
2025-05,32.9842,38.8451,26.4827,32.6220,0.3621,38.9431,-0.0980,26.4014,0.0814,27.8441,-0.0431,-0.0846,35.6310,34.5100,7.4651,rate_schedule_pdf,12.2183,compiled,33.4607,32.4064,1.0542,38.6985,1.5477,-0.0364,0.1139,0
2025-06,29.8844,35.8346,25.2793,30.9384,-1.0540,37.5402,-1.7056,25.7525,-0.4733,27.6883,-0.0569,-0.0934,32.8708,32.2000,7.3552,rate_schedule_pdf,12.1552,compiled,32.9842,32.6220,0.3621,38.8451,-0.0980,-0.0846,-2.3482,0
2025-07,28.4924,33.4596,25.3014,29.5380,-1.0456,35.2205,-1.7609,25.3037,-0.0023,27.1421,-0.1802,-0.1992,31.0625,30.0345,7.6959,rate_schedule_pdf,12.6435,compiled,29.8844,30.9384,-1.0540,35.8346,-1.7056,-0.0934,1.3676,0
2025-08,29.9956,35.6538,24.9637,29.3532,0.6424,35.0587,0.5950,25.2716,-0.3079,26.4939,-0.3606,-0.3293,32.4095,32.1292,8.0708,rate_schedule_pdf,13.2703,compiled,28.4924,29.5380,-1.0456,33.4596,-1.7609,-0.1992,5.4467,0
2025-09,28.2069,32.7307,24.7219,29.5543,-1.3474,35.3434,-2.6127,25.1658,-0.4438,26.2534,-0.4472,-0.4577,,,7.8105,rate_schedule_pdf,13.0851,compiled,29.9956,29.3532,0.6424,35.6538,0.5950,-0.3293,1.3932,0
2025-10,29.9521,35.5915,25.3449,29.8102,0.1419,35.0471,0.5443,25.2531,0.0918,26.1583,-0.5653,-0.5750,,,8.0008,rate_schedule_pdf,13.3182,compiled,28.2069,29.5543,-1.3474,32.7307,-2.6127,-0.4577,2.4975,0
2025-11,29.1381,33.9216,25.4669,29.8770,-0.7389,34.5365,-0.6150,25.2864,0.1805,26.0191,-0.7127,-0.6398,,,7.9000,rate_schedule_pdf,13.4702,compiled,29.9521,29.8102,0.1419,35.5915,0.5443,-0.5750,0.2042,0
2025-12,28.8174,32.5973,24.6118,28.6817,0.1357,32.1434,0.4539,24.5739,0.0379,25.9371,-0.6414,-0.6303,,,7.7642,rate_schedule_pdf,13.1145,compiled,29.1381,29.8770,-0.7389,33.9216,-0.6150,-0.6398,-3.0370,0
2026-01,27.3341,29.1692,23.1678,28.0449,-0.7108,30.4848,-1.3156,23.5257,-0.3579,25.9794,-0.5367,-0.4867,,,7.7471,rate_schedule_pdf,12.9508,meralco_official,28.8174,28.6817,0.1357,32.5973,0.4539,-0.6303,-4.9805,0
2026-02,28.6334,30.8368,23.7838,28.7847,-0.1513,31.2769,-0.4401,23.4548,0.3290,26.4057,-0.2820,-0.2699,,,7.6398,rate_schedule_pdf,13.1734,meralco_official,27.3341,28.0449,-0.7108,29.1692,-1.3156,-0.4867,-7.6764,0
2026-03,30.1349,32.5609,23.4691,30.5609,-0.4260,34.0019,-1.4410,24.4061,-0.9370,27.2137,0.0091,0.0490,,,7.8607,rate_schedule_pdf,13.8161,compiled,28.6334,28.7847,-0.1513,30.8368,-0.4401,-0.2699,-6.4268,0
2026-04,33.3507,36.2416,25.0601,32.4064,0.9443,37.1507,-0.9091,25.6383,-0.5782,28.2285,0.4199,0.4728,,,8.3864,rate_schedule_pdf,14.3496,compiled,30.1349,30.5609,-0.4260,32.5609,-1.4410,0.0490,-0.7499,0
2026-05,33.9056,40.0164,26.7861,32.6220,1.2836,38.9431,1.0733,26.4014,0.3847,28.8766,0.9894,0.9478,,,8.7942,rate_schedule_pdf,14.3345,meralco_official,33.3507,32.4064,0.9443,36.2416,-0.9091,0.4728,3.5759,0
2026-06,30.8387,37.2052,25.7937,30.9384,-0.0996,37.5402,-0.3350,25.7525,0.0411,29.1793,1.4341,1.4896,,,9.0704,rate_schedule_pdf,14.4833,meralco_official,33.9056,32.6220,1.2836,40.0164,1.0733,0.9478,6.0910,0
2026-07,30.3117,36.2349,25.2986,29.5380,0.7736,35.2205,1.0144,25.3037,-0.0051,29.3677,2.0454,2.0489,,,9.2504,rate_schedule_pdf,14.8261,meralco_official,30.8387,30.9384,-0.0996,37.2052,-0.3350,1.4896,7.1031,0
2026-08,27.3960,30.8514,25.2747,29.3532,-1.9572,35.0587,-4.2073,25.2716,0.0031,29.5216,2.6670,2.5765,,,9.2800,rate_schedule_pdf,14.7833,meralco_official,30.3117,29.5380,0.7736,36.2349,1.0144,2.0489,6.0797,0
2026-09,29.4167,34.9092,25.1276,29.5543,-0.1376,35.3434,-0.4342,25.1658,-0.0382,29.7175,3.0170,2.8420,,,9.7032,rate_schedule_pdf,14.7424,meralco_official,27.3960,29.3532,-1.9572,30.8514,-4.2073,2.5765,8.9455,0
