date,sst_c
1991-01-01,27.0594
1991-01-06,27.0815
1991-01-11,27.2336
1991-01-16,27.0624
1991-01-21,27.1087
1991-01-26,26.9593
1991-01-31,26.8335
1991-02-05,26.807
1991-02-10,26.8319
1991-02-15,26.9501
1991-02-20,26.8891
1991-02-25,26.9044
1991-03-02,26.7685
1991-03-07,26.7322
1991-03-12,27.0496
1991-03-17,27.2917
1991-03-22,27.2754
1991-03-27,27.5345
1991-04-01,27.5825
1991-04-06,27.7473
1991-04-11,27.9664
1991-04-16,28.0779
1991-04-21,28.0492
1991-04-26,28.0113
1991-05-01,28.11
1991-05-06,28.0362
1991-05-11,28.2457
1991-05-16,28.46
1991-05-21,28.3548
1991-05-26,28.2915
1991-05-31,28.4281
1991-06-05,28.3261
1991-06-10,28.1685
1991-06-15,28.4947
1991-06-20,28.7965
1991-06-25,29.1652
1991-06-30,28.4008
1991-07-05,28.1328
1991-07-10,27.8773
1991-07-15,27.4604
1991-07-20,27.6933
1991-07-25,27.5214
1991-07-30,27.344
1991-08-04,27.1113
1991-08-09,26.987
1991-08-14,27.1336
1991-08-19,27.2968
1991-08-24,27.1897
1991-08-29,27.2355
1991-09-03,27.1537
1991-09-08,26.8643
1991-09-13,27.02
1991-09-18,27.1527
1991-09-23,27.163
1991-09-28,27.0943
1991-10-03,27.1392
1991-10-08,27.608
1991-10-13,27.6095
1991-10-18,27.7579
1991-10-23,27.6939
1991-10-28,27.7975
1991-11-02,27.8372
1991-11-07,27.8873
1991-11-12,28.0059
1991-11-17,27.8221
1991-11-22,27.8258
1991-11-27,27.9071
1991-12-02,27.883
1991-12-07,27.9679
1991-12-12,28.1387
1991-12-17,28.3274
1991-12-22,28.1674
1991-12-27,28.2531
1992-01-01,28.4002
1992-01-06,28.4438
1992-01-11,28.4235
1992-01-16,28.2434
1992-01-21,28.0773
1992-01-26,28.211
1992-01-31,28.2187
1992-02-05,28.2722
1992-02-10,28.3372
1992-02-15,28.5154
1992-02-20,28.5286
1992-02-25,28.6704
1992-03-01,28.4937
1992-03-06,28.1215
1992-03-11,28.3087
1992-03-16,28.5118
1992-03-21,28.6491
1992-03-26,28.8137
1992-03-31,28.8645
1992-04-05,29.0285
1992-04-10,29.0983
1992-04-15,28.868
1992-04-20,28.891
1992-04-25,28.7948
1992-04-30,28.902
1992-05-05,28.8239
1992-05-10,28.7967
1992-05-15,28.6767
1992-05-20,28.6885
1992-05-25,28.7634
1992-05-30,28.6487
1992-06-04,28.2406
1992-06-09,28.2268
1992-06-14,28.1178
1992-06-19,27.8448
1992-06-24,27.6201
1992-06-29,27.5412
1992-07-04,27.758
1992-07-09,27.8099
1992-07-14,27.6357
1992-07-19,27.3146
1992-07-24,27.3789
1992-07-29,27.099
1992-08-03,26.7671
1992-08-08,26.7625
1992-08-13,26.5692
1992-08-18,26.7116
1992-08-23,26.7403
1992-08-28,26.6434
1992-09-02,26.3134
1992-09-07,26.4742
1992-09-12,26.7115
1992-09-17,26.6924
1992-09-22,26.567
1992-09-27,26.5632
1992-10-02,26.5271
1992-10-07,26.4387
1992-10-12,26.205
1992-10-17,26.272
1992-10-22,26.4078
1992-10-27,26.285
1992-11-01,26.2426
1992-11-06,26.4914
1992-11-11,26.7102
1992-11-16,26.5092
1992-11-21,26.4516
1992-11-26,26.9131
1992-12-01,26.8001
1992-12-06,26.7054
1992-12-11,26.8019
1992-12-16,26.8497
1992-12-21,26.8941
1992-12-26,26.7711
1992-12-31,26.7336
1993-01-05,26.8206
1993-01-10,26.8229
1993-01-15,26.9586
1993-01-20,26.8623
1993-01-25,26.7986
1993-01-30,26.7418
1993-02-04,26.6646
1993-02-09,26.5941
1993-02-14,26.8209
1993-02-19,27.0553
1993-02-24,27.2612
1993-03-01,27.2424
1993-03-06,27.3768
1993-03-11,27.4362
1993-03-16,27.5801
1993-03-21,27.7411
1993-03-26,27.9642
1993-03-31,28.1361
1993-04-05,28.1464
1993-04-10,28.3697
1993-04-15,28.4896
1993-04-20,28.412
1993-04-25,28.4769
1993-04-30,28.5268
1993-05-05,28.6831
1993-05-10,28.9713
1993-05-15,28.8261
1993-05-20,28.6848
1993-05-25,28.6994
1993-05-30,28.5426
1993-06-04,28.3329
1993-06-09,28.361
1993-06-14,28.4323
1993-06-19,28.295
1993-06-24,28.3382
1993-06-29,28.3746
1993-07-04,28.0672
1993-07-09,27.7378
1993-07-14,27.7954
1993-07-19,27.5577
1993-07-24,27.2537
1993-07-29,27.2608
1993-08-03,26.9045
1993-08-08,26.7659
1993-08-13,27.0573
1993-08-18,26.9203
1993-08-23,27.1054
1993-08-28,26.9105
1993-09-02,26.8755
1993-09-07,27.1838
1993-09-12,27.0436
1993-09-17,27.0228
1993-09-22,27.1343
1993-09-27,27.1437
1993-10-02,26.892
1993-10-07,26.8025
1993-10-12,27.0859
1993-10-17,27.0238
1993-10-22,27.0852
1993-10-27,27.3182
1993-11-01,27.2278
1993-11-06,27.1186
1993-11-11,27.034
1993-11-16,27.0224
1993-11-21,26.8655
1993-11-26,26.9087
1993-12-01,26.9773
1993-12-06,27.0091
1993-12-11,27.0153
1993-12-16,26.7609
1993-12-21,26.8112
1993-12-26,26.5088
1993-12-31,26.3764
1994-01-05,26.4844
1994-01-10,26.3338
1994-01-15,26.5519
1994-01-20,26.3397
1994-01-25,26.0801
1994-01-30,26.3655
1994-02-04,26.6021
1994-02-09,26.6567
1994-02-14,26.7385
1994-02-19,26.7737
1994-02-24,26.7301
1994-03-01,26.7583
1994-03-06,27.005
1994-03-11,27.1066
1994-03-16,27.2738
1994-03-21,27.2485
1994-03-26,27.5047
1994-03-31,27.6682
1994-04-05,27.5661
1994-04-10,27.5743
1994-04-15,27.6433
1994-04-20,27.7831
1994-04-25,27.9859
1994-04-30,28.1096
1994-05-05,27.7765
1994-05-10,27.9641
1994-05-15,27.7989
1994-05-20,28.0711
1994-05-25,28.0819
1994-05-30,28.1773
1994-06-04,28.3364
1994-06-09,27.9921
1994-06-14,27.8891
1994-06-19,27.8165
1994-06-24,27.8594
1994-06-29,27.7946
1994-07-04,27.3542
1994-07-09,27.1655
1994-07-14,27.2691
1994-07-19,27.2918
1994-07-24,27.3543
1994-07-29,27.2748
1994-08-03,27.2829
1994-08-08,27.5065
1994-08-13,27.5851
1994-08-18,27.347
1994-08-23,27.1999
1994-08-28,27.1372
1994-09-02,26.9386
1994-09-07,26.9341
1994-09-12,26.8524
1994-09-17,26.8412
1994-09-22,27.1776
1994-09-27,27.2987
1994-10-02,27.3285
1994-10-07,27.5572
1994-10-12,27.5038
1994-10-17,27.6038
1994-10-22,27.7713
1994-10-27,27.7485
1994-11-01,27.8659
1994-11-06,27.8172
1994-11-11,27.7897
1994-11-16,27.9929
1994-11-21,27.988
1994-11-26,28.1089
1994-12-01,27.976
1994-12-06,27.8494
1994-12-11,27.7919
1994-12-16,27.7615
1994-12-21,27.8199
1994-12-26,27.639
1994-12-31,27.565
1995-01-05,27.453
1995-01-10,27.4337
1995-01-15,27.3615
1995-01-20,27.1832
1995-01-25,27.2598
1995-01-30,27.4198
1995-02-04,27.6351
1995-02-09,27.5646
1995-02-14,27.2604
1995-02-19,27.3408
1995-02-24,27.681
1995-03-01,27.6005
1995-03-06,27.299
1995-03-11,27.2915
1995-03-16,27.4152
1995-03-21,27.5411
1995-03-26,27.5243
1995-03-31,27.6445
1995-04-05,27.8121
1995-04-10,27.8688
1995-04-15,28.092
1995-04-20,28.2637
1995-04-25,27.9186
1995-04-30,27.8113
1995-05-05,27.7255
1995-05-10,27.4967
1995-05-15,27.5478
1995-05-20,27.5091
1995-05-25,27.4105
1995-05-30,27.6238
1995-06-04,27.4641
1995-06-09,27.4691
1995-06-14,27.6556
1995-06-19,27.3765
1995-06-24,27.3605
1995-06-29,27.4724
1995-07-04,27.3079
1995-07-09,26.9774
1995-07-14,27.0175
1995-07-19,27.0864
1995-07-24,26.9001
1995-07-29,26.9551
1995-08-03,26.7386
1995-08-08,26.3153
1995-08-13,26.2284
1995-08-18,26.3027
1995-08-23,26.1443
1995-08-28,25.8617
1995-09-02,25.739
1995-09-07,25.8429
1995-09-12,25.8925
1995-09-17,25.781
1995-09-22,25.666
1995-09-27,25.4673
1995-10-02,25.337
1995-10-07,25.4015
1995-10-12,25.5765
1995-10-17,25.7286
1995-10-22,25.5965
1995-10-27,25.6397
1995-11-01,25.6117
1995-11-06,25.4967
1995-11-11,25.532
1995-11-16,25.4951
1995-11-21,25.5353
1995-11-26,25.5729
1995-12-01,25.615
1995-12-06,25.453
1995-12-11,25.3114
1995-12-16,25.352
1995-12-21,25.6802
1995-12-26,25.6162
1995-12-31,25.4574
1996-01-05,25.7057
1996-01-10,25.536
1996-01-15,25.6832
1996-01-20,25.9412
1996-01-25,25.6961
1996-01-30,25.7931
1996-02-04,25.6232
1996-02-09,25.62
1996-02-14,25.7721
1996-02-19,25.6335
1996-02-24,25.8835
1996-02-29,26.1194
1996-03-05,25.9637
1996-03-10,26.0828
1996-03-15,26.5996
1996-03-20,26.8884
1996-03-25,26.6909
1996-03-30,26.7166
1996-04-04,27.0988
1996-04-09,27.4155
1996-04-14,27.2892
1996-04-19,27.2601
1996-04-24,27.2148
1996-04-29,27.2832
1996-05-04,27.3031
1996-05-09,27.1279
1996-05-14,26.9636
1996-05-19,27.2064
1996-05-24,27.2413
1996-05-29,27.0201
1996-06-03,27.1743
1996-06-08,27.1472
1996-06-13,27.05
1996-06-18,27.0858
1996-06-23,27.3125
1996-06-28,27.3525
1996-07-03,27.6835
1996-07-08,27.2179
1996-07-13,27.0068
1996-07-18,27.0477
1996-07-23,26.9912
1996-07-28,26.6833
1996-08-02,26.4019
1996-08-07,26.5738
1996-08-12,26.5052
1996-08-17,26.613
1996-08-22,26.4723
1996-08-27,26.303
1996-09-01,26.3497
1996-09-06,26.3702
1996-09-11,26.3007
1996-09-16,26.3158
1996-09-21,26.1874
1996-09-26,26.0962
1996-10-01,26.2016
1996-10-06,26.2602
1996-10-11,26.2789
1996-10-16,26.418
1996-10-21,26.2582
1996-10-26,26.4011
1996-10-31,26.323
1996-11-05,26.096
1996-11-10,26.1181
1996-11-15,26.4862
1996-11-20,26.2572
1996-11-25,25.9816
1996-11-30,26.09
1996-12-05,26.1106
1996-12-10,25.9348
1996-12-15,25.8884
1996-12-20,25.8015
1996-12-25,25.6172
1996-12-30,25.617
1997-01-04,25.7141
1997-01-09,25.8918
1997-01-14,25.8457
1997-01-19,25.6305
1997-01-24,25.8858
1997-01-29,26.0755
1997-02-03,26.0589
1997-02-08,26.2353
1997-02-13,26.3504
1997-02-18,26.2189
1997-02-23,26.295
1997-02-28,26.5212
1997-03-05,26.4809
1997-03-10,26.5162
1997-03-15,26.7177
1997-03-20,27.1801
1997-03-25,27.4809
1997-03-30,27.5554
1997-04-04,27.4827
1997-04-09,27.6747
1997-04-14,27.8942
1997-04-19,28.1292
1997-04-24,28.2629
1997-04-29,28.2469
1997-05-04,28.195
1997-05-09,28.4887
1997-05-14,28.5322
1997-05-19,28.363
1997-05-24,28.6097
1997-05-29,28.5953
1997-06-03,28.71
1997-06-08,28.7223
1997-06-13,28.7454
1997-06-18,28.991
1997-06-23,28.93
1997-06-28,29.1266
1997-07-03,29.0218
1997-07-08,28.9948
1997-07-13,29.0796
1997-07-18,28.9707
1997-07-23,28.929
1997-07-28,29.0811
1997-08-02,28.8152
1997-08-07,28.914
1997-08-12,28.8812
1997-08-17,28.8752
1997-08-22,28.7624
1997-08-27,28.8014
1997-09-01,28.9582
1997-09-06,28.7708
1997-09-11,28.8402
1997-09-16,28.8862
1997-09-21,29.0437
1997-09-26,29.1103
1997-10-01,29.1853
1997-10-06,29.2167
1997-10-11,29.2898
1997-10-16,29.4232
1997-10-21,29.4878
1997-10-26,29.1037
1997-10-31,29.2927
1997-11-05,29.3723
1997-11-10,29.455
1997-11-15,29.525
1997-11-20,29.4251
1997-11-25,29.4861
1997-11-30,29.3978
1997-12-05,29.3489
1997-12-10,29.42
1997-12-15,29.4688
1997-12-20,29.3993
1997-12-25,29.4197
1997-12-30,29.2478
1998-01-04,29.3793
1998-01-09,29.162
1998-01-14,29.2231
1998-01-19,29.0865
1998-01-24,29.086
1998-01-29,28.8686
1998-02-03,29.0822
1998-02-08,29.142
1998-02-13,28.9432
1998-02-18,28.7783
1998-02-23,28.743
1998-02-28,28.6202
1998-03-05,28.5549
1998-03-10,28.7513
1998-03-15,28.7281
1998-03-20,28.7619
1998-03-25,28.8642
1998-03-30,28.721
1998-04-04,28.7023
1998-04-09,28.5771
1998-04-14,28.5733
1998-04-19,28.5404
1998-04-24,28.7926
1998-04-29,28.7595
1998-05-04,28.965
1998-05-09,28.9547
1998-05-14,28.3873
1998-05-19,28.1157
1998-05-24,27.9446
1998-05-29,27.7229
1998-06-03,27.439
1998-06-08,26.8558
1998-06-13,26.7772
1998-06-18,26.6837
1998-06-23,26.4558
1998-06-28,26.0972
1998-07-03,26.0015
1998-07-08,26.1447
1998-07-13,25.7119
1998-07-18,25.7078
1998-07-23,25.633
1998-07-28,25.3625
1998-08-02,25.6136
1998-08-07,25.3784
1998-08-12,25.3111
1998-08-17,25.1853
1998-08-22,24.9968
1998-08-27,25.4084
1998-09-01,25.4113
1998-09-06,25.7322
1998-09-11,25.6804
1998-09-16,25.5031
1998-09-21,25.6716
1998-09-26,25.4796
1998-10-01,25.4646
1998-10-06,25.3902
1998-10-11,25.4465
1998-10-16,25.4371
1998-10-21,25.3082
1998-10-26,25.2152
1998-10-31,25.1572
1998-11-05,25.4599
1998-11-10,25.0835
1998-11-15,24.8839
1998-11-20,25.3608
1998-11-25,24.871
1998-11-30,24.997
1998-12-05,24.6164
1998-12-10,24.3954
1998-12-15,24.577
1998-12-20,24.6342
1998-12-25,24.5758
1998-12-30,24.6301
1999-01-04,24.5955
1999-01-09,24.6392
1999-01-14,24.844
1999-01-19,24.7486
1999-01-24,24.6339
1999-01-29,24.9822
1999-02-03,25.2255
1999-02-08,25.0855
1999-02-13,24.9346
1999-02-18,25.3645
1999-02-23,25.7857
1999-02-28,25.7252
1999-03-05,26.0055
1999-03-10,26.1139
1999-03-15,26.2313
1999-03-20,26.37
1999-03-25,26.3088
1999-03-30,26.3662
1999-04-04,26.5552
1999-04-09,26.7444
1999-04-14,26.8573
1999-04-19,26.7853
1999-04-24,27.1546
1999-04-29,27.1265
1999-05-04,27.1547
1999-05-09,27.2409
1999-05-14,26.9714
1999-05-19,26.9703
1999-05-24,26.8554
1999-05-29,26.9346
1999-06-03,26.7609
1999-06-08,26.8295
1999-06-13,26.6112
1999-06-18,26.533
1999-06-23,26.519
1999-06-28,26.7654
1999-07-03,26.8733
1999-07-08,26.6706
1999-07-13,26.5366
1999-07-18,26.4039
1999-07-23,26.2957
1999-07-28,25.9771
1999-08-02,25.9079
1999-08-07,25.8141
1999-08-12,25.6964
1999-08-17,25.7047
1999-08-22,25.5521
1999-08-27,25.5194
1999-09-01,25.3563
1999-09-06,25.6145
1999-09-11,25.6308
1999-09-16,25.5123
1999-09-21,25.9119
1999-09-26,25.9333
1999-10-01,25.813
1999-10-06,25.7207
1999-10-11,25.7819
1999-10-16,25.737
1999-10-21,25.4893
1999-10-26,25.3524
1999-10-31,25.4216
1999-11-05,25.238
1999-11-10,25.0458
1999-11-15,25.2405
1999-11-20,24.9889
1999-11-25,24.9008
1999-11-30,24.8408
1999-12-05,24.6696
1999-12-10,24.791
1999-12-15,24.6623
1999-12-20,24.7378
1999-12-25,24.7706
1999-12-30,24.6164
2000-01-04,24.6732
2000-01-09,24.7066
2000-01-14,24.5963
2000-01-19,24.632
2000-01-24,24.5845
2000-01-29,24.6679
2000-02-03,24.8501
2000-02-08,24.9253
2000-02-13,25.0857
2000-02-18,25.2851
2000-02-23,25.2965
2000-02-28,25.5623
2000-03-04,25.7219
2000-03-09,25.8933
2000-03-14,25.9986
2000-03-19,26.1997
2000-03-24,26.5224
2000-03-29,26.715
2000-04-03,26.9949
2000-04-08,27.0269
2000-04-13,27.1437
2000-04-18,27.0852
2000-04-23,27.1754
2000-04-28,27.1943
2000-05-03,27.0397
2000-05-08,27.0911
2000-05-13,27.2269
2000-05-18,27.3302
2000-05-23,27.3083
2000-05-28,27.1911
2000-06-02,27.1379
2000-06-07,27.0002
2000-06-12,26.9691
2000-06-17,27.1665
2000-06-22,27.1707
2000-06-27,27.0411
2000-07-02,26.7609
2000-07-07,26.8835
2000-07-12,26.6219
2000-07-17,26.7839
2000-07-22,26.5786
2000-07-27,26.6384
2000-08-01,26.6845
2000-08-06,26.4728
2000-08-11,26.4877
2000-08-16,26.4063
2000-08-21,26.3361
2000-08-26,26.3907
2000-08-31,26.3368
2000-09-05,26.4757
2000-09-10,26.3353
2000-09-15,26.2687
2000-09-20,26.2679
2000-09-25,26.4097
2000-09-30,26.2245
2000-10-05,26.3108
2000-10-10,26.1033
2000-10-15,26.1441
2000-10-20,26.0928
2000-10-25,25.9194
2000-10-30,25.8501
2000-11-04,25.8034
2000-11-09,25.9034
2000-11-14,25.9364
2000-11-19,25.8376
2000-11-24,25.8448
2000-11-29,25.9337
2000-12-04,25.7812
2000-12-09,25.7138
2000-12-14,25.7449
2000-12-19,25.677
2000-12-24,25.4211
2000-12-29,25.6295
2001-01-03,25.7594
2001-01-08,25.8309
2001-01-13,25.9006
2001-01-18,26.0641
2001-01-23,25.8737
2001-01-28,25.7753
2001-02-02,25.967
2001-02-07,25.8104
2001-02-12,25.8816
2001-02-17,26.1475
2001-02-22,25.8257
2001-02-27,26.1493
2001-03-04,26.3738
2001-03-09,26.6721
2001-03-14,26.832
2001-03-19,27.0488
2001-03-24,27.1586
2001-03-29,27.1059
2001-04-03,27.4176
2001-04-08,27.6208
2001-04-13,27.596
2001-04-18,27.8516
2001-04-23,27.7447
2001-04-28,27.731
2001-05-03,27.6216
2001-05-08,27.5052
2001-05-13,27.5649
2001-05-18,27.6841
2001-05-23,27.7787
2001-05-28,27.8155
2001-06-02,27.8133
2001-06-07,27.7609
2001-06-12,27.8225
2001-06-17,27.6569
2001-06-22,27.6958
2001-06-27,27.5821
2001-07-02,27.6282
2001-07-07,27.4926
2001-07-12,27.4692
2001-07-17,27.5769
2001-07-22,27.396
2001-07-27,27.3015
2001-08-01,27.1962
2001-08-06,27.1075
2001-08-11,27.0054
2001-08-16,26.6808
2001-08-21,26.7043
2001-08-26,26.6319
2001-08-31,26.6244
2001-09-05,26.4431
2001-09-10,26.5817
2001-09-15,26.4081
2001-09-20,26.5066
2001-09-25,26.4761
2001-09-30,26.5491
2001-10-05,26.3862
2001-10-10,26.4419
2001-10-15,26.5582
2001-10-20,26.498
2001-10-25,26.4956
2001-10-30,26.6898
2001-11-04,26.6278
2001-11-09,26.5553
2001-11-14,26.3887
2001-11-19,26.3851
2001-11-24,26.4028
2001-11-29,26.4567
2001-12-04,26.29
2001-12-09,26.1932
2001-12-14,26.0943
2001-12-19,26.2329
2001-12-24,26.0711
2001-12-29,26.0642
2002-01-03,26.211
2002-01-08,26.4049
2002-01-13,26.3387
2002-01-18,26.5961
2002-01-23,26.5093
2002-01-28,26.6136
2002-02-02,26.8816
2002-02-07,26.9043
2002-02-12,26.9857
2002-02-17,26.8739
2002-02-22,26.8724
2002-02-27,27.0435
2002-03-04,26.9755
2002-03-09,27.0905
2002-03-14,27.3451
2002-03-19,27.2898
2002-03-24,27.2732
2002-03-29,27.3764
2002-04-03,27.6222
2002-04-08,27.7335
2002-04-13,27.8629
2002-04-18,27.8307
2002-04-23,27.9414
2002-04-28,27.9532
2002-05-03,27.886
2002-05-08,27.9145
2002-05-13,27.8182
2002-05-18,28.1387
2002-05-23,28.2331
2002-05-28,28.2878
2002-06-02,28.6132
2002-06-07,28.5504
2002-06-12,28.5994
2002-06-17,28.3877
2002-06-22,28.2744
2002-06-27,28.1349
2002-07-02,27.9788
2002-07-07,28.064
2002-07-12,28.0697
2002-07-17,27.9996
2002-07-22,28.078
2002-07-27,27.8923
2002-08-01,27.943
2002-08-06,27.9051
2002-08-11,27.8766
2002-08-16,27.7037
2002-08-21,27.7469
2002-08-26,27.7198
2002-08-31,27.8609
2002-09-05,27.6808
2002-09-10,27.8698
2002-09-15,27.7753
2002-09-20,27.8826
2002-09-25,27.8802
2002-09-30,27.8358
2002-10-05,27.792
2002-10-10,27.7786
2002-10-15,27.9823
2002-10-20,28.0763
2002-10-25,28.1994
2002-10-30,28.236
2002-11-04,28.4337
2002-11-09,28.2471
2002-11-14,28.3034
2002-11-19,28.1241
2002-11-24,28.147
2002-11-29,28.0347
2002-12-04,28.0098
2002-12-09,28.0284
2002-12-14,28.0142
2002-12-19,28.0647
2002-12-24,28.1122
2002-12-29,27.9436
2003-01-03,27.7912
2003-01-08,27.6548
2003-01-13,27.6927
2003-01-18,27.6719
2003-01-23,27.4521
2003-01-28,27.3597
2003-02-02,27.2416
2003-02-07,27.1349
2003-02-12,27.3654
2003-02-17,27.3809
2003-02-22,27.3191
2003-02-27,27.4065
2003-03-04,27.5324
2003-03-09,27.5546
2003-03-14,27.9303
2003-03-19,27.816
2003-03-24,27.7502
2003-03-29,27.7063
2003-04-03,27.6268
2003-04-08,27.6068
2003-04-13,27.7711
2003-04-18,27.74
2003-04-23,27.6599
2003-04-28,27.6865
2003-05-03,27.617
2003-05-08,27.4957
2003-05-13,27.3331
2003-05-18,27.2238
2003-05-23,27.3341
2003-05-28,27.2562
2003-06-02,27.2571
2003-06-07,27.3799
2003-06-12,27.5398
2003-06-17,27.5103
2003-06-22,27.5135
2003-06-27,27.3788
2003-07-02,27.5417
2003-07-07,27.5034
2003-07-12,27.4814
2003-07-17,27.2782
2003-07-22,27.2491
2003-07-27,27.2082
2003-08-01,27.0828
2003-08-06,26.7792
2003-08-11,26.8031
2003-08-16,26.7929
2003-08-21,26.6119
2003-08-26,26.63
2003-08-31,26.8216
2003-09-05,26.9594
2003-09-10,26.754
2003-09-15,26.7468
2003-09-20,26.8438
2003-09-25,27.0633
2003-09-30,27.0666
2003-10-05,27.3074
2003-10-10,27.1299
2003-10-15,27.0208
2003-10-20,26.9487
2003-10-25,27.1217
2003-10-30,27.0971
2003-11-04,27.0882
2003-11-09,27.1005
2003-11-14,26.8103
2003-11-19,27.1117
2003-11-24,27.1435
2003-11-29,27.295
2003-12-04,27.1466
2003-12-09,27.0898
2003-12-14,26.9304
2003-12-19,26.7625
2003-12-24,26.6826
2003-12-29,26.658
2004-01-03,26.3687
2004-01-08,26.2883
2004-01-13,26.6131
2004-01-18,26.6814
2004-01-23,26.7152
2004-01-28,26.6749
2004-02-02,26.6368
2004-02-07,26.6683
2004-02-12,26.7176
2004-02-17,26.7541
2004-02-22,26.7043
2004-02-27,26.8608
2004-03-03,26.8958
2004-03-08,26.8719
2004-03-13,27.0467
2004-03-18,27.1426
2004-03-23,26.9922
2004-03-28,27.2459
2004-04-02,27.4218
2004-04-07,27.3401
2004-04-12,27.711
2004-04-17,27.7316
2004-04-22,27.7383
2004-04-27,27.9979
2004-05-02,27.9752
2004-05-07,27.8782
2004-05-12,27.776
2004-05-17,28.0443
2004-05-22,28.0256
2004-05-27,28.0726
2004-06-01,28.0189
2004-06-06,28.0425
2004-06-11,27.9696
2004-06-16,27.7088
2004-06-21,27.542
2004-06-26,27.255
2004-07-01,27.2745
2004-07-06,27.681
2004-07-11,27.65
2004-07-16,27.7107
2004-07-21,27.7046
2004-07-26,27.848
2004-07-31,27.7816
2004-08-05,27.7052
2004-08-10,27.6166
2004-08-15,27.405
2004-08-20,27.3039
2004-08-25,27.403
2004-08-30,27.5381
2004-09-04,27.5946
2004-09-09,27.4966
2004-09-14,27.4162
2004-09-19,27.4709
2004-09-24,27.3376
2004-09-29,27.3153
2004-10-04,27.3865
2004-10-09,27.3268
2004-10-14,27.2604
2004-10-19,27.3778
2004-10-24,27.6166
2004-10-29,27.2507
2004-11-03,27.2064
2004-11-08,27.1618
2004-11-13,27.4012
2004-11-18,27.2964
2004-11-23,27.3851
2004-11-28,27.2651
2004-12-03,27.3852
2004-12-08,27.3509
2004-12-13,27.3094
2004-12-18,27.1694
2004-12-23,27.3052
2004-12-28,27.2408
2005-01-02,27.1745
2005-01-07,26.932
2005-01-12,26.9919
2005-01-17,27.0307
2005-01-22,27.0145
2005-01-27,26.9535
2005-02-01,26.8407
2005-02-06,26.7861
2005-02-11,26.8473
2005-02-16,26.8468
2005-02-21,26.8888
2005-02-26,26.8226
2005-03-03,26.9073
2005-03-08,27.2089
2005-03-13,27.454
2005-03-18,27.7087
2005-03-23,27.7421
2005-03-28,27.9052
2005-04-02,27.8765
2005-04-07,27.8736
2005-04-12,27.6167
2005-04-17,27.8117
2005-04-22,28.16
2005-04-27,28.2671
2005-05-02,28.2863
2005-05-07,28.1202
2005-05-12,28.0375
2005-05-17,28.0797
2005-05-22,28.2299
2005-05-27,28.0033
2005-06-01,28.0243
2005-06-06,27.9343
2005-06-11,28.123
2005-06-16,27.9827
2005-06-21,28.0199
2005-06-26,27.9839
2005-07-01,27.863
2005-07-06,27.6537
2005-07-11,27.5771
2005-07-16,27.6465
2005-07-21,27.3817
2005-07-26,27.1034
2005-07-31,26.95
2005-08-05,26.6952
2005-08-10,26.8908
2005-08-15,26.8284
2005-08-20,27.0149
2005-08-25,26.7714
2005-08-30,26.5548
2005-09-04,26.3311
2005-09-09,26.442
2005-09-14,26.378
2005-09-19,26.6811
2005-09-24,26.9264
2005-09-29,26.8397
2005-10-04,26.9281
2005-10-09,27.0561
2005-10-14,26.7653
2005-10-19,26.585
2005-10-24,26.6729
2005-10-29,26.6312
2005-11-03,26.2858
2005-11-08,26.1361
2005-11-13,26.2471
2005-11-18,26.1919
2005-11-23,26.4251
2005-11-28,26.2732
2005-12-03,26.0777
2005-12-08,26.0006
2005-12-13,25.8016
2005-12-18,25.6783
2005-12-23,25.86
2005-12-28,25.7964
2006-01-02,25.748
2006-01-07,25.9067
2006-01-12,25.6819
2006-01-17,25.6341
2006-01-22,25.5318
2006-01-27,25.6453
2006-02-01,25.7558
2006-02-06,25.6903
2006-02-11,25.9432
2006-02-16,26.1457
2006-02-21,26.2858
2006-02-26,26.2608
2006-03-03,26.0015
2006-03-08,26.2493
2006-03-13,26.2886
2006-03-18,26.4085
2006-03-23,26.5924
2006-03-28,26.7767
2006-04-02,27.2045
2006-04-07,27.2546
2006-04-12,27.5623
2006-04-17,27.632
2006-04-22,27.5006
2006-04-27,27.6633
2006-05-02,27.6015
2006-05-07,27.6499
2006-05-12,27.7192
2006-05-17,27.8637
2006-05-22,28.1419
2006-05-27,27.9039
2006-06-01,28.0047
2006-06-06,28.0748
2006-06-11,28.0085
2006-06-16,27.9001
2006-06-21,27.8122
2006-06-26,27.5427
2006-07-01,27.3324
2006-07-06,27.3545
2006-07-11,27.5087
2006-07-16,27.4163
2006-07-21,27.2455
2006-07-26,27.3575
2006-07-31,27.3781
2006-08-05,27.144
2006-08-10,27.0592
2006-08-15,27.1457
2006-08-20,27.3164
2006-08-25,27.297
2006-08-30,27.3423
2006-09-04,27.4855
2006-09-09,27.3554
2006-09-14,27.3834
2006-09-19,27.4449
2006-09-24,27.4232
2006-09-29,27.29
2006-10-04,27.2148
2006-10-09,27.4082
2006-10-14,27.6447
2006-10-19,27.5193
2006-10-24,27.5571
2006-10-29,27.5819
2006-11-03,27.4207
2006-11-08,27.5917
2006-11-13,27.8469
2006-11-18,27.7101
2006-11-23,27.731
2006-11-28,27.7428
2006-12-03,27.7585
2006-12-08,27.9317
2006-12-13,27.7505
2006-12-18,27.7216
2006-12-23,27.8144
2006-12-28,27.6241
2007-01-02,27.4558
2007-01-07,27.4635
2007-01-12,27.3503
2007-01-17,27.1076
2007-01-22,27.1828
2007-01-27,27.0943
2007-02-01,26.9448
2007-02-06,26.7749
2007-02-11,26.7515
2007-02-16,26.961
2007-02-21,26.802
2007-02-26,26.8612
2007-03-03,26.9029
2007-03-08,26.9459
2007-03-13,27.0874
2007-03-18,27.186
2007-03-23,27.23
2007-03-28,27.1772
2007-04-02,27.1091
2007-04-07,27.4332
2007-04-12,27.6034
2007-04-17,27.7357
2007-04-22,27.7126
2007-04-27,27.6482
2007-05-02,27.5289
2007-05-07,27.4432
2007-05-12,27.3395
2007-05-17,27.2672
2007-05-22,27.5582
2007-05-27,27.5719
2007-06-01,27.6103
2007-06-06,27.6592
2007-06-11,27.8271
2007-06-16,27.7975
2007-06-21,27.5465
2007-06-26,27.218
2007-07-01,26.9427
2007-07-06,26.7688
2007-07-11,26.8275
2007-07-16,26.9305
2007-07-21,26.6784
2007-07-26,26.6092
2007-07-31,26.4031
2007-08-05,26.3997
2007-08-10,26.3288
2007-08-15,26.3892
2007-08-20,26.0905
2007-08-25,25.9814
2007-08-30,25.9908
2007-09-04,25.7094
2007-09-09,25.5181
2007-09-14,25.649
2007-09-19,25.5977
2007-09-24,25.3439
2007-09-29,25.1588
2007-10-04,25.0254
2007-10-09,25.0151
2007-10-14,24.9928
2007-10-19,25.1753
2007-10-24,25.2879
2007-10-29,25.1927
2007-11-03,25.0406
2007-11-08,25.0831
2007-11-13,25.0036
2007-11-18,24.9021
2007-11-23,24.8763
2007-11-28,24.9977
2007-12-03,24.8984
2007-12-08,24.9047
2007-12-13,24.7977
2007-12-18,24.8662
2007-12-23,25.138
2007-12-28,25.2429
2008-01-02,25.331
2008-01-07,24.7564
2008-01-12,24.6483
2008-01-17,24.7033
2008-01-22,24.5594
2008-01-27,24.8502
2008-02-01,25.0354
2008-02-06,24.6379
2008-02-11,24.4407
2008-02-16,24.7151
2008-02-21,25.0456
2008-02-26,25.1588
2008-03-02,25.5382
2008-03-07,25.7204
2008-03-12,25.978
2008-03-17,25.9948
2008-03-22,26.1823
2008-03-27,26.2753
2008-04-01,26.4746
2008-04-06,26.6115
2008-04-11,26.7351
2008-04-16,26.782
2008-04-21,26.8185
2008-04-26,27.0187
2008-05-01,27.1445
2008-05-06,26.9267
2008-05-11,26.9693
2008-05-16,27.1642
2008-05-21,27.2448
2008-05-26,27.1679
2008-05-31,27.1987
2008-06-05,27.2258
2008-06-10,27.1272
2008-06-15,27.107
2008-06-20,27.1192
2008-06-25,27.2547
2008-06-30,27.2121
2008-07-05,27.2291
2008-07-10,27.1959
2008-07-15,27.2181
2008-07-20,27.1745
2008-07-25,27.0965
2008-07-30,26.9889
2008-08-04,26.9088
2008-08-09,27.0995
2008-08-14,26.9589
2008-08-19,26.7078
2008-08-24,26.7827
2008-08-29,26.5233
2008-09-03,26.5579
2008-09-08,26.5675
2008-09-13,26.4833
2008-09-18,26.4358
2008-09-23,26.3325
2008-09-28,26.2388
2008-10-03,26.3089
2008-10-08,26.3684
2008-10-13,26.3717
2008-10-18,26.3007
2008-10-23,26.2594
2008-10-28,26.2597
2008-11-02,26.3484
2008-11-07,26.4306
2008-11-12,26.2721
2008-11-17,26.252
2008-11-22,26.1351
2008-11-27,26.0727
2008-12-02,26.0053
2008-12-07,25.818
2008-12-12,25.697
2008-12-17,25.7101
2008-12-22,25.5569
2008-12-27,25.35
2009-01-01,25.3466
2009-01-06,25.2841
2009-01-11,25.3249
2009-01-16,25.4684
2009-01-21,25.7298
2009-01-26,25.7457
2009-01-31,25.7011
2009-02-05,25.6815
2009-02-10,25.9379
2009-02-15,26.0923
2009-02-20,26.2649
2009-02-25,26.2994
2009-03-02,26.4318
2009-03-07,26.4424
2009-03-12,26.7422
2009-03-17,26.6286
2009-03-22,26.6401
2009-03-27,26.9713
2009-04-01,27.1262
2009-04-06,27.2736
2009-04-11,27.497
2009-04-16,27.4407
2009-04-21,27.5716
2009-04-26,27.5419
2009-05-01,27.8985
2009-05-06,27.9972
2009-05-11,27.9968
2009-05-16,28.0317
2009-05-21,28.0374
2009-05-26,27.9764
2009-05-31,27.9015
2009-06-05,27.8776
2009-06-10,28.0539
2009-06-15,28.1072
2009-06-20,28.2865
2009-06-25,28.2938
2009-06-30,28.2118
2009-07-05,28.0178
2009-07-10,28.0279
2009-07-15,27.8593
2009-07-20,27.9286
2009-07-25,27.8126
2009-07-30,27.6262
2009-08-04,27.598
2009-08-09,27.4556
2009-08-14,27.4069
2009-08-19,27.4498
2009-08-24,27.5855
2009-08-29,27.5466
2009-09-03,27.552
2009-09-08,27.4493
2009-09-13,27.4544
2009-09-18,27.4854
2009-09-23,27.4486
2009-09-28,27.2947
2009-10-03,27.2924
2009-10-08,27.4014
2009-10-13,27.3557
2009-10-18,27.591
2009-10-23,27.7416
2009-10-28,27.8859
2009-11-02,27.997
2009-11-07,28.1731
2009-11-12,28.0545
2009-11-17,28.1686
2009-11-22,28.0703
2009-11-27,28.1492
2009-12-02,28.1055
2009-12-07,28.1532
2009-12-12,28.0531
2009-12-17,28.1478
2009-12-22,28.425
2009-12-27,28.2616
2010-01-01,28.0814
2010-01-06,28.1237
2010-01-11,28.1089
2010-01-16,28.0045
2010-01-21,27.9076
2010-01-26,27.8554
2010-01-31,27.794
2010-02-05,27.6866
2010-02-10,27.943
2010-02-15,27.8659
2010-02-20,27.9524
2010-02-25,27.9403
2010-03-02,28.0217
2010-03-07,28.0019
2010-03-12,28.2857
2010-03-17,28.3179
2010-03-22,28.2409
2010-03-27,28.2347
2010-04-01,28.2983
2010-04-06,28.3644
2010-04-11,28.4473
2010-04-16,28.484
2010-04-21,28.1861
2010-04-26,28.2157
2010-05-01,28.0844
2010-05-06,27.9194
2010-05-11,27.6815
2010-05-16,27.5272
2010-05-21,27.2821
2010-05-26,27.4288
2010-05-31,27.4243
2010-06-05,27.1189
2010-06-10,27.1266
2010-06-15,26.9354
2010-06-20,27.0147
2010-06-25,26.7099
2010-06-30,26.6227
2010-07-05,26.4289
2010-07-10,26.1826
2010-07-15,26.1389
2010-07-20,26.0621
2010-07-25,25.8199
2010-07-30,25.6654
2010-08-04,25.6522
2010-08-09,25.7394
2010-08-14,25.5529
2010-08-19,25.3789
2010-08-24,25.2251
2010-08-29,25.0334
2010-09-03,25.1598
2010-09-08,25.212
2010-09-13,25.1514
2010-09-18,25.2037
2010-09-23,25.2103
2010-09-28,25.1718
2010-10-03,25.0112
2010-10-08,24.8543
2010-10-13,24.921
2010-10-18,25.2639
2010-10-23,25.103
2010-10-28,25.1458
2010-11-02,24.9757
2010-11-07,24.9726
2010-11-12,25.0628
2010-11-17,24.9703
2010-11-22,24.9445
2010-11-27,25.0227
2010-12-02,24.9294
2010-12-07,24.8201
2010-12-12,24.8904
2010-12-17,24.8899
2010-12-22,24.7723
2010-12-27,24.6255
2011-01-01,24.7243
2011-01-06,24.9352
2011-01-11,24.6876
2011-01-16,24.8269
2011-01-21,24.8944
2011-01-26,24.94
2011-01-31,25.0589
2011-02-05,25.4619
2011-02-10,25.5188
2011-02-15,25.4777
2011-02-20,25.5573
2011-02-25,25.6153
2011-03-02,25.6945
2011-03-07,26.0136
2011-03-12,26.2818
2011-03-17,26.271
2011-03-22,26.2243
2011-03-27,26.4701
2011-04-01,26.701
2011-04-06,26.9085
2011-04-11,27.0652
2011-04-16,27.0766
2011-04-21,27.234
2011-04-26,27.236
2011-05-01,27.1936
2011-05-06,27.2038
2011-05-11,27.3376
2011-05-16,27.6002
2011-05-21,27.5531
2011-05-26,27.4128
2011-05-31,27.4708
2011-06-05,27.5759
2011-06-10,27.4667
2011-06-15,27.4618
2011-06-20,27.3691
2011-06-25,27.2784
2011-06-30,27.1178
2011-07-05,27.0574
2011-07-10,27.0798
2011-07-15,27.0308
2011-07-20,26.7901
2011-07-25,26.5731
2011-07-30,26.6411
2011-08-04,26.4114
2011-08-09,26.1843
2011-08-14,26.1126
2011-08-19,26.0141
2011-08-24,26.0602
2011-08-29,26.0552
2011-09-03,26.0332
2011-09-08,26.017
2011-09-13,25.878
2011-09-18,25.9183
2011-09-23,25.9117
2011-09-28,25.7794
2011-10-03,25.7055
2011-10-08,25.6659
2011-10-13,25.704
2011-10-18,25.8728
2011-10-23,25.672
2011-10-28,25.5533
2011-11-02,25.5941
2011-11-07,25.4824
2011-11-12,25.3981
2011-11-17,25.4277
2011-11-22,25.4568
2011-11-27,25.417
2011-12-02,25.4733
2011-12-07,25.4096
2011-12-12,25.5515
2011-12-17,25.5935
2011-12-22,25.5215
2011-12-27,25.6011
2012-01-01,25.5414
2012-01-06,25.5701
2012-01-11,25.4674
2012-01-16,25.4514
2012-01-21,25.4535
2012-01-26,25.4693
2012-01-31,25.4093
2012-02-05,25.3617
2012-02-10,25.8393
2012-02-15,26.1742
2012-02-20,26.1929
2012-02-25,26.4207
2012-03-01,26.5445
2012-03-06,26.3892
2012-03-11,26.497
2012-03-16,26.6367
2012-03-21,26.5424
2012-03-26,26.8343
2012-03-31,26.8982
2012-04-05,27.1334
2012-04-10,27.4688
2012-04-15,27.353
2012-04-20,27.3709
2012-04-25,27.5441
2012-04-30,27.5371
2012-05-05,27.6852
2012-05-10,27.9375
2012-05-15,27.5967
2012-05-20,27.6201
2012-05-25,27.6928
2012-05-30,28.0424
2012-06-04,27.708
2012-06-09,27.7971
2012-06-14,27.7458
2012-06-19,27.9484
2012-06-24,28.0752
2012-06-29,27.9107
2012-07-04,27.9363
2012-07-09,27.6544
2012-07-14,27.3798
2012-07-19,27.6131
2012-07-24,27.6848
2012-07-29,27.5911
2012-08-03,27.5456
2012-08-08,27.7035
2012-08-13,27.4298
2012-08-18,27.5867
2012-08-23,27.5313
2012-08-28,27.6056
2012-09-02,27.5657
2012-09-07,27.3074
2012-09-12,27.2095
2012-09-17,26.8852
2012-09-22,26.9754
2012-09-27,26.8176
2012-10-02,26.75
2012-10-07,26.8566
2012-10-12,26.8392
2012-10-17,27.0154
2012-10-22,27.1559
2012-10-27,27.1273
2012-11-01,27.0058
2012-11-06,27.0075
2012-11-11,26.9332
2012-11-16,26.8927
2012-11-21,26.9638
2012-11-26,26.6844
2012-12-01,26.6134
2012-12-06,26.5666
2012-12-11,26.6457
2012-12-16,26.0297
2012-12-21,26.45
2012-12-26,26.351
2012-12-31,26.193
2013-01-05,26.2421
2013-01-10,26.2271
2013-01-15,25.9001
2013-01-20,26.1654
2013-01-25,26.2182
2013-01-30,26.0435
2013-02-04,26.3115
2013-02-09,26.353
2013-02-14,26.4097
2013-02-19,26.4503
2013-02-24,26.6849
2013-03-01,26.8485
2013-03-06,26.8658
2013-03-11,26.9132
2013-03-16,27.2835
2013-03-21,27.1053
2013-03-26,27.4242
2013-03-31,27.5191
2013-04-05,27.6337
2013-04-10,27.6023
2013-04-15,27.6272
2013-04-20,27.7567
2013-04-25,27.7548
2013-04-30,27.67
2013-05-05,27.8348
2013-05-10,27.6137
2013-05-15,27.3651
2013-05-20,27.4091
2013-05-25,27.4645
2013-05-30,27.6022
2013-06-04,27.5351
2013-06-09,27.5567
2013-06-14,27.4171
2013-06-19,27.2173
2013-06-24,27.2209
2013-06-29,27.2697
2013-07-04,27.1646
2013-07-09,27.0288
2013-07-14,26.7925
2013-07-19,26.8825
2013-07-24,26.8218
2013-07-29,26.9522
2013-08-03,26.6827
2013-08-08,26.6043
2013-08-13,26.5794
2013-08-18,26.5388
2013-08-23,26.5979
2013-08-28,26.6381
2013-09-02,26.7921
2013-09-07,26.7333
2013-09-12,26.757
2013-09-17,26.6979
2013-09-22,26.5981
2013-09-27,26.6545
2013-10-02,26.4384
2013-10-07,26.3627
2013-10-12,26.3146
2013-10-17,26.4461
2013-10-22,26.4934
2013-10-27,26.6328
2013-11-01,26.8489
2013-11-06,26.7102
2013-11-11,26.6904
2013-11-16,26.7682
2013-11-21,26.7158
2013-11-26,26.7029
2013-12-01,26.7525
2013-12-06,26.6904
2013-12-11,26.5348
2013-12-16,26.4028
2013-12-21,26.5514
2013-12-26,26.3497
2013-12-31,26.2361
2014-01-05,26.2681
2014-01-10,26.1886
2014-01-15,26.0671
2014-01-20,26.3369
2014-01-25,26.1948
2014-01-30,26.1188
2014-02-04,26.1555
2014-02-09,26.2579
2014-02-14,26.2449
2014-02-19,26.1586
2014-02-24,26.3986
2014-03-01,26.5411
2014-03-06,26.8705
2014-03-11,26.9539
2014-03-16,27.1218
2014-03-21,27.2114
2014-03-26,27.449
2014-03-31,27.7176
2014-04-05,27.8415
2014-04-10,27.8046
2014-04-15,27.8599
2014-04-20,27.8859
2014-04-25,28.1282
2014-04-30,27.9984
2014-05-05,28.1394
2014-05-10,28.2486
2014-05-15,28.1354
2014-05-20,28.2074
2014-05-25,28.3898
2014-05-30,28.3119
2014-06-04,28.2054
2014-06-09,28.2225
2014-06-14,28.0329
2014-06-19,27.9747
2014-06-24,27.9845
2014-06-29,27.8371
2014-07-04,27.7481
2014-07-09,27.5125
2014-07-14,27.3532
2014-07-19,27.2234
2014-07-24,26.9473
2014-07-29,26.9723
2014-08-03,27.0428
2014-08-08,27.0661
2014-08-13,27.0147
2014-08-18,27.0812
2014-08-23,27.1352
2014-08-28,27.0593
2014-09-02,27.1302
2014-09-07,27.0307
2014-09-12,27.1854
2014-09-17,27.2209
2014-09-22,27.2368
2014-09-27,27.0511
2014-10-02,27.0839
2014-10-07,27.1576
2014-10-12,27.256
2014-10-17,27.1792
2014-10-22,27.1844
2014-10-27,27.2374
2014-11-01,27.3507
2014-11-06,27.4286
2014-11-11,27.4444
2014-11-16,27.5302
2014-11-21,27.5457
2014-11-26,27.5072
2014-12-01,27.5212
2014-12-06,27.4082
2014-12-11,27.3298
2014-12-16,27.3384
2014-12-21,27.2057
2014-12-26,27.1742
2014-12-31,27.0418
2015-01-05,27.1213
2015-01-10,27.0465
2015-01-15,27.0224
2015-01-20,27.2132
2015-01-25,26.9923
2015-01-30,26.9423
2015-02-04,27.0749
2015-02-09,27.1581
2015-02-14,27.1619
2015-02-19,27.2503
2015-02-24,27.5223
2015-03-01,27.522
2015-03-06,27.4051
2015-03-11,27.499
2015-03-16,27.7492
2015-03-21,27.9012
2015-03-26,27.7791
2015-03-31,28.0272
2015-04-05,28.1512
2015-04-10,28.2766
2015-04-15,28.66
2015-04-20,28.7311
2015-04-25,28.5097
2015-04-30,28.7848
2015-05-05,28.7021
2015-05-10,28.5049
2015-05-15,28.7903
2015-05-20,28.7329
2015-05-25,28.8002
2015-05-30,28.8494
2015-06-04,28.7978
2015-06-09,28.9423
2015-06-14,28.7696
2015-06-19,28.6664
2015-06-24,28.5996
2015-06-29,28.5751
2015-07-04,28.726
2015-07-09,28.6553
2015-07-14,28.8246
2015-07-19,28.7411
2015-07-24,28.3547
2015-07-29,28.7572
2015-08-03,28.7136
2015-08-08,28.6616
2015-08-13,28.7432
2015-08-18,28.6624
2015-08-23,28.8743
2015-08-28,28.8905
2015-09-02,28.7278
2015-09-07,28.7551
2015-09-12,28.7982
2015-09-17,28.8736
2015-09-22,28.8228
2015-09-27,28.8624
2015-10-02,28.9284
2015-10-07,28.8867
2015-10-12,28.9086
2015-10-17,28.9838
2015-10-22,29.1585
2015-10-27,29.2375
2015-11-01,29.4943
2015-11-06,29.4019
2015-11-11,29.3325
2015-11-16,29.5464
2015-11-21,29.4925
2015-11-26,29.3072
2015-12-01,29.3788
2015-12-06,29.1662
2015-12-11,29.3366
2015-12-16,29.2093
2015-12-21,29.0018
2015-12-26,28.9189
2015-12-31,28.9838
2016-01-05,28.782
2016-01-10,28.9549
2016-01-15,28.8563
2016-01-20,28.9037
2016-01-25,29.0438
2016-01-30,29.0178
2016-02-04,28.9163
2016-02-09,28.9306
2016-02-14,28.7232
2016-02-19,28.7747
2016-02-24,28.5983
2016-02-29,28.6147
2016-03-05,28.5915
2016-03-10,28.6769
2016-03-15,28.7021
2016-03-20,28.7732
2016-03-25,28.6462
2016-03-30,28.8974
2016-04-04,28.7558
2016-04-09,28.7911
2016-04-14,28.8151
2016-04-19,28.9709
2016-04-24,28.7993
2016-04-29,28.4166
2016-05-04,28.5235
2016-05-09,28.6368
2016-05-14,28.3162
2016-05-19,28.0942
2016-05-24,27.8074
2016-05-29,27.7855
2016-06-03,27.7702
2016-06-08,27.882
2016-06-13,28.0421
2016-06-18,27.7573
2016-06-23,27.3225
2016-06-28,27.0491
2016-07-03,27.2528
2016-07-08,26.9239
2016-07-13,26.9948
2016-07-18,26.9442
2016-07-23,26.8458
2016-07-28,26.6568
2016-08-02,26.706
2016-08-07,26.5112
2016-08-12,26.3575
2016-08-17,26.4822
2016-08-22,26.2616
2016-08-27,26.2777
2016-09-01,26.3185
2016-09-06,26.3097
2016-09-11,26.2234
2016-09-16,26.0711
2016-09-21,26.2335
2016-09-26,26.2804
2016-10-01,26.1011
2016-10-06,26.0055
2016-10-11,26.2019
2016-10-16,26.1898
2016-10-21,26.2975
2016-10-26,26.3362
2016-10-31,26.1789
2016-11-05,26.2494
2016-11-10,26.147
2016-11-15,26.2725
2016-11-20,26.349
2016-11-25,26.2274
2016-11-30,26.1709
2016-12-05,26.221
2016-12-10,26.1503
2016-12-15,26.2158
2016-12-20,26.1583
2016-12-25,26.2108
2016-12-30,26.1652
2017-01-04,26.0805
2017-01-09,26.0644
2017-01-14,26.2365
2017-01-19,26.354
2017-01-24,26.3083
2017-01-29,26.2096
2017-02-03,26.2846
2017-02-08,26.4646
2017-02-13,26.7454
2017-02-18,26.9599
2017-02-23,26.9987
2017-02-28,27.1934
2017-03-05,27.0443
2017-03-10,27.1382
2017-03-15,27.3172
2017-03-20,27.432
2017-03-25,27.5313
2017-03-30,27.6825
2017-04-04,27.7363
2017-04-09,27.8536
2017-04-14,27.9085
2017-04-19,28.292
2017-04-24,28.2424
2017-04-29,28.2642
2017-05-04,28.2884
2017-05-09,28.3911
2017-05-14,28.338
2017-05-19,28.2583
2017-05-24,28.2877
2017-05-29,28.317
2017-06-03,28.1469
2017-06-08,28.1661
2017-06-13,28.0804
2017-06-18,28.1728
2017-06-23,28.1202
2017-06-28,28.0272
2017-07-03,27.9325
2017-07-08,27.9293
2017-07-13,27.7943
2017-07-18,27.6236
2017-07-23,27.439
2017-07-28,27.282
2017-08-02,27.1669
2017-08-07,26.8135
2017-08-12,26.8162
2017-08-17,26.6068
2017-08-22,26.5955
2017-08-27,26.7007
2017-09-01,26.4785
2017-09-06,26.2566
2017-09-11,26.2891
2017-09-16,26.3214
2017-09-21,26.3149
2017-09-26,26.4372
2017-10-01,26.5707
2017-10-06,26.5626
2017-10-11,26.1673
2017-10-16,26.1682
2017-10-21,25.9967
2017-10-26,26.1747
2017-10-31,26.1815
2017-11-05,26.0315
2017-11-10,25.9053
2017-11-15,25.99
2017-11-20,25.8192
2017-11-25,25.7237
2017-11-30,25.6062
2017-12-05,25.6009
2017-12-10,25.6409
2017-12-15,25.6369
2017-12-20,25.6538
2017-12-25,25.7848
2017-12-30,25.8053
2018-01-04,25.61
2018-01-09,25.7102
2018-01-14,25.8503
2018-01-19,25.8958
2018-01-24,25.8545
2018-01-29,25.8165
2018-02-03,25.9005
2018-02-08,25.9975
2018-02-13,25.9182
2018-02-18,25.8641
2018-02-23,26.0761
2018-02-28,26.1864
2018-03-05,26.2417
2018-03-10,26.2461
2018-03-15,26.4722
2018-03-20,26.3523
2018-03-25,26.4977
2018-03-30,26.9159
2018-04-04,27.081
2018-04-09,27.1437
2018-04-14,27.2882
2018-04-19,27.3268
2018-04-24,27.3373
2018-04-29,27.4064
2018-05-04,27.4525
2018-05-09,27.5574
2018-05-14,27.6867
2018-05-19,27.8389
2018-05-24,27.8023
2018-05-29,27.8114
2018-06-03,27.7867
2018-06-08,27.7431
2018-06-13,27.9049
2018-06-18,27.8908
2018-06-23,27.9339
2018-06-28,27.8766
2018-07-03,27.7781
2018-07-08,27.6843
2018-07-13,27.6367
2018-07-18,27.5161
2018-07-23,27.4954
2018-07-28,27.4126
2018-08-02,27.2065
2018-08-07,27.07
2018-08-12,27.0984
2018-08-17,27.08
2018-08-22,27.0122
2018-08-27,26.9596
2018-09-01,26.9426
2018-09-06,27.0179
2018-09-11,26.9853
2018-09-16,26.9136
2018-09-21,26.8902
2018-09-26,27.0552
2018-10-01,27.1827
2018-10-06,27.3981
2018-10-11,27.5091
2018-10-16,27.3909
2018-10-21,27.4676
2018-10-26,27.5232
2018-10-31,27.5761
2018-11-05,27.6847
2018-11-10,27.5082
2018-11-15,27.3726
2018-11-20,27.4178
2018-11-25,27.4337
2018-11-30,27.5004
2018-12-05,27.6403
2018-12-10,27.4272
2018-12-15,27.3098
2018-12-20,27.2977
2018-12-25,27.304
2018-12-30,27.1949
2019-01-04,27.2568
2019-01-09,27.2036
2019-01-14,27.1295
2019-01-19,26.9453
2019-01-24,26.9641
2019-01-29,27.099
2019-02-03,27.0036
2019-02-08,27.0871
2019-02-13,27.307
2019-02-18,27.3959
2019-02-23,27.486
2019-02-28,27.7488
2019-03-05,27.8937
2019-03-10,27.8997
2019-03-15,28.0016
2019-03-20,28.2195
2019-03-25,28.2162
2019-03-30,28.2467
2019-04-04,28.3782
2019-04-09,28.2947
2019-04-14,28.4499
2019-04-19,28.5781
2019-04-24,28.4681
2019-04-29,28.5082
2019-05-04,28.5456
2019-05-09,28.6153
2019-05-14,28.5155
2019-05-19,28.5043
2019-05-24,28.6196
2019-05-29,28.649
2019-06-03,28.5183
2019-06-08,28.4366
2019-06-13,28.4151
2019-06-18,28.1691
2019-06-23,28.0389
2019-06-28,27.8874
2019-07-03,27.9063
2019-07-08,27.8801
2019-07-13,27.7927
2019-07-18,27.5155
2019-07-23,27.5462
2019-07-28,27.3525
2019-08-02,27.2468
2019-08-07,27.0915
2019-08-12,26.8456
2019-08-17,26.8289
2019-08-22,26.6828
2019-08-27,26.637
2019-09-01,26.4919
2019-09-06,26.422
2019-09-11,26.2457
2019-09-16,26.46
2019-09-21,26.7486
2019-09-26,26.8574
2019-10-01,26.9897
2019-10-06,26.972
2019-10-11,27.1276
2019-10-16,27.1944
2019-10-21,27.2688
2019-10-26,27.2755
2019-10-31,27.2978
2019-11-05,27.1808
2019-11-10,27.2321
2019-11-15,27.2326
2019-11-20,27.276
2019-11-25,27.0235
2019-11-30,26.9473
2019-12-05,27.0213
2019-12-10,26.9483
2019-12-15,27.0175
2019-12-20,26.9808
2019-12-25,26.9416
2019-12-30,27.0917
2020-01-04,27.108
2020-01-09,27.0305
2020-01-14,26.9852
2020-01-19,26.9233
2020-01-24,26.9828
2020-01-29,26.9558
2020-02-03,26.958
2020-02-08,26.9225
2020-02-13,26.9701
2020-02-18,27.1367
2020-02-23,27.1765
2020-02-28,27.1531
2020-03-04,27.2705
2020-03-09,27.3465
2020-03-14,27.5367
2020-03-19,27.8697
2020-03-24,27.8674
2020-03-29,27.8182
2020-04-03,27.9296
2020-04-08,27.957
2020-04-13,28.1722
2020-04-18,28.2944
2020-04-23,28.2246
2020-04-28,28.1562
2020-05-03,27.889
2020-05-08,27.7936
2020-05-13,27.6075
2020-05-18,27.4415
2020-05-23,27.4295
2020-05-28,27.2357
2020-06-02,27.4036
2020-06-07,27.2327
2020-06-12,27.2032
2020-06-17,27.1816
2020-06-22,27.1982
2020-06-27,27.2998
2020-07-02,27.2103
2020-07-07,27.2652
2020-07-12,27.1823
2020-07-17,27.006
2020-07-22,26.9746
2020-07-27,26.7582
2020-08-01,26.4724
2020-08-06,26.333
2020-08-11,26.1629
2020-08-16,26.3221
2020-08-21,26.0761
2020-08-26,26.0154
2020-08-31,26.0293
2020-09-05,25.8804
2020-09-10,25.8665
2020-09-15,25.8541
2020-09-20,25.6692
2020-09-25,25.6909
2020-09-30,25.7733
2020-10-05,25.6878
2020-10-10,25.5904
2020-10-15,25.4372
2020-10-20,25.2771
2020-10-25,25.1579
2020-10-30,24.8729
2020-11-04,25.1231
2020-11-09,25.3972
2020-11-14,25.4774
2020-11-19,25.335
2020-11-24,25.3397
2020-11-29,25.2763
2020-12-04,25.358
2020-12-09,25.495
2020-12-14,25.4973
2020-12-19,25.4525
2020-12-24,25.4814
2020-12-29,25.494
2021-01-03,25.5359
2021-01-08,25.4805
2021-01-13,25.437
2021-01-18,25.4065
2021-01-23,25.6217
2021-01-28,25.7183
2021-02-02,25.8466
2021-02-07,25.8919
2021-02-12,25.8075
2021-02-17,26.0558
2021-02-22,25.9566
2021-02-27,25.85
2021-03-04,26.3226
2021-03-09,26.7132
2021-03-14,26.6587
2021-03-19,26.7237
2021-03-24,26.8449
2021-03-29,26.8351
2021-04-03,26.9804
2021-04-08,27.127
2021-04-13,27.2357
2021-04-18,27.2716
2021-04-23,27.2554
2021-04-28,27.4016
2021-05-03,27.523
2021-05-08,27.4527
2021-05-13,27.4583
2021-05-18,27.6613
2021-05-23,27.5592
2021-05-28,27.5426
2021-06-02,27.5801
2021-06-07,27.6369
2021-06-12,27.6453
2021-06-17,27.6001
2021-06-22,27.5555
2021-06-27,27.5561
2021-07-02,27.5037
2021-07-07,27.2957
2021-07-12,27.1949
2021-07-17,27.0419
2021-07-22,26.8446
2021-07-27,26.7505
2021-08-01,26.6295
2021-08-06,26.6064
2021-08-11,26.5129
2021-08-16,26.4027
2021-08-21,26.3031
2021-08-26,26.389
2021-08-31,26.3899
2021-09-05,26.4763
2021-09-10,26.4153
2021-09-15,26.2407
2021-09-20,26.2626
2021-09-25,26.1601
2021-09-30,25.9931
2021-10-05,25.9573
2021-10-10,25.9494
2021-10-15,25.6851
2021-10-20,25.7456
2021-10-25,25.6284
2021-10-30,25.555
2021-11-04,25.777
2021-11-09,25.8087
2021-11-14,25.7432
2021-11-19,25.7545
2021-11-24,25.805
2021-11-29,25.7452
2021-12-04,25.6712
2021-12-09,25.6312
2021-12-14,25.6062
2021-12-19,25.6338
2021-12-24,25.5009
2021-12-29,25.4858
2022-01-03,25.4779
2022-01-08,25.573
2022-01-13,25.6598
2022-01-18,25.6517
2022-01-23,25.7172
2022-01-28,25.9066
2022-02-02,25.9268
2022-02-07,25.9277
2022-02-12,25.9054
2022-02-17,25.9597
2022-02-22,25.9298
2022-02-27,25.9073
2022-03-04,25.8572
2022-03-09,26.0022
2022-03-14,26.0717
2022-03-19,26.1966
2022-03-24,26.4114
2022-03-29,26.5483
2022-04-03,26.6474
2022-04-08,26.6493
2022-04-13,26.6894
2022-04-18,26.7591
2022-04-23,26.7835
2022-04-28,26.6347
2022-05-03,26.6817
2022-05-08,26.7078
2022-05-13,26.6617
2022-05-18,26.8244
2022-05-23,26.9206
2022-05-28,26.8225
2022-06-02,26.9104
2022-06-07,27.0311
2022-06-12,26.9954
2022-06-17,27.0492
2022-06-22,26.9679
2022-06-27,27.0054
2022-07-02,26.9329
2022-07-07,26.8673
2022-07-12,26.7924
2022-07-17,26.5669
2022-07-22,26.5003
2022-07-27,26.415
2022-08-01,26.2631
2022-08-06,26.1598
2022-08-11,26.077
2022-08-16,25.7939
2022-08-21,25.7615
2022-08-26,25.9158
2022-08-31,25.7425
2022-09-05,25.7222
2022-09-10,25.701
2022-09-15,25.7555
2022-09-20,25.8319
2022-09-25,25.782
2022-09-30,25.8376
2022-10-05,25.8794
2022-10-10,25.8724
2022-10-15,25.7764
2022-10-20,25.8804
2022-10-25,25.7745
2022-10-30,25.6045
2022-11-04,25.7041
2022-11-09,25.6994
2022-11-14,25.6748
2022-11-19,25.6357
2022-11-24,25.6887
2022-11-29,25.7989
2022-12-04,25.6574
2022-12-09,25.6882
2022-12-14,25.6569
2022-12-19,25.636
2022-12-24,25.7967
2022-12-29,25.804
2023-01-03,25.7541
2023-01-08,25.7511
2023-01-13,25.8742
2023-01-18,25.8007
2023-01-23,25.8007
2023-01-28,25.9412
2023-02-02,25.9432
2023-02-07,26.0369
2023-02-12,26.1053
2023-02-17,26.1795
2023-02-22,26.5184
2023-02-27,26.5706
2023-03-04,26.8161
2023-03-09,27.0696
2023-03-14,27.3298
2023-03-19,27.3009
2023-03-24,27.329
2023-03-29,27.4548
2023-04-03,27.5539
2023-04-08,27.7117
2023-04-13,27.8856
2023-04-18,27.9537
2023-04-23,28.1556
2023-04-28,28.244
2023-05-03,28.1732
2023-05-08,28.2986
2023-05-13,28.4101
2023-05-18,28.3999
2023-05-23,28.323
2023-05-28,28.5173
2023-06-02,28.6067
2023-06-07,28.8189
2023-06-12,28.5885
2023-06-17,28.5468
2023-06-22,28.6736
2023-06-27,28.5429
2023-07-02,28.5123
2023-07-07,28.4938
2023-07-12,28.3409
2023-07-17,28.4015
2023-07-22,28.266
2023-07-27,28.2619
2023-08-01,28.2172
2023-08-06,28.2415
2023-08-11,28.1804
2023-08-16,28.2174
2023-08-21,28.2062
2023-08-26,28.3243
2023-08-31,28.2663
2023-09-05,28.3519
2023-09-10,28.2768
2023-09-15,28.3129
2023-09-20,28.3521
2023-09-25,28.3257
2023-09-30,28.2617
2023-10-05,28.2515
2023-10-10,28.2059
2023-10-15,28.3889
2023-10-20,28.454
2023-10-25,28.4653
2023-10-30,28.5709
2023-11-04,28.4594
2023-11-09,28.447
2023-11-14,28.3864
2023-11-19,28.7233
2023-11-24,28.7186
2023-11-29,28.674
2023-12-04,28.5736
2023-12-09,28.6136
2023-12-14,28.545
2023-12-19,28.5291
2023-12-24,28.5901
2023-12-29,28.6178
2024-01-03,28.59
2024-01-08,28.4659
2024-01-13,28.3881
2024-01-18,28.2343
2024-01-23,28.1676
2024-01-28,28.2542
2024-02-02,28.3738
2024-02-07,28.2187
2024-02-12,28.2186
2024-02-17,28.2943
2024-02-22,28.2965
2024-02-27,28.3063
2024-03-03,28.5032
2024-03-08,28.454
2024-03-13,28.3213
2024-03-18,28.4855
2024-03-23,28.6362
2024-03-28,28.6548
2024-04-02,28.9655
2024-04-07,28.9869
2024-04-12,28.561
2024-04-17,28.7248
2024-04-22,28.7103
2024-04-27,28.5268
2024-05-02,28.447
2024-05-07,28.2343
2024-05-12,28.2258
2024-05-17,28.2167
2024-05-22,28.0502
2024-05-27,27.989
2024-06-01,27.974
2024-06-06,28.0314
2024-06-11,27.9113
2024-06-16,27.9351
2024-06-21,27.9326
2024-06-26,28.0141
2024-07-01,27.8515
2024-07-06,27.7194
2024-07-11,27.5916
2024-07-16,27.4383
2024-07-21,27.2748
2024-07-26,27.1337
2024-07-31,26.8513
2024-08-05,27.0762
2024-08-10,26.9495
2024-08-15,26.8431
2024-08-20,26.8908
2024-08-25,26.7978
2024-08-30,26.7039
2024-09-04,26.6249
2024-09-09,26.4878
2024-09-14,26.3689
2024-09-19,26.078
2024-09-24,26.2518
2024-09-29,26.3235
2024-10-04,26.2698
2024-10-09,26.1589
2024-10-14,26.2513
2024-10-19,26.1759
2024-10-24,26.1452
2024-10-29,26.2321
2024-11-03,26.4263
2024-11-08,26.4137
2024-11-13,26.5001
2024-11-18,26.5942
2024-11-23,26.5086
2024-11-28,26.3861
2024-12-03,26.244
2024-12-08,26.1421
2024-12-13,25.9762
2024-12-18,25.7221
2024-12-23,25.5878
2024-12-28,25.583
2025-01-02,25.7447
2025-01-07,25.8023
2025-01-12,25.8181
2025-01-17,25.8128
2025-01-22,25.5746
2025-01-27,25.6759
2025-02-01,25.7151
2025-02-06,25.9612
2025-02-11,26.1414
2025-02-16,26.3581
2025-02-21,26.4521
2025-02-26,26.6267
2025-03-03,26.9926
2025-03-08,27.2532
2025-03-13,27.5776
2025-03-18,27.1932
2025-03-23,27.3535
2025-03-28,27.3842
2025-04-02,27.3237
2025-04-07,27.4744
2025-04-12,27.6349
2025-04-17,27.7515
2025-04-22,27.8487
2025-04-27,27.8947
2025-05-02,27.8938
2025-05-07,28.0295
2025-05-12,27.8634
2025-05-17,27.8686
2025-05-22,27.7377
2025-05-27,27.6719
2025-06-01,27.7864
2025-06-06,27.6892
2025-06-11,27.742
2025-06-16,27.6175
2025-06-21,27.6841
2025-06-26,27.6106
2025-07-01,27.637
2025-07-06,27.5826
2025-07-11,27.381
2025-07-16,27.0108
2025-07-21,26.9122
2025-07-26,26.6973
2025-07-31,26.7735
2025-08-05,26.7447
2025-08-10,26.6119
2025-08-15,26.5238
2025-08-20,26.4789
2025-08-25,26.352
2025-08-30,26.2521
2025-09-04,26.3999
2025-09-09,26.3226
2025-09-14,26.2055
2025-09-19,26.2864
2025-09-24,26.1327
2025-09-29,26.1731
2025-10-04,26.2106
2025-10-09,26.2081
2025-10-14,26.1788
2025-10-19,26.1694
2025-10-24,26.0653
2025-10-29,26.1178
2025-11-03,26.2173
2025-11-08,25.9841
2025-11-13,25.9997
2025-11-18,25.9983
2025-11-23,25.8706
2025-11-28,26.0448
2025-12-03,26.1346
2025-12-08,26.0128
2025-12-13,25.9034
2025-12-18,25.8984
2025-12-23,25.8001
2025-12-28,25.8731
2026-01-02,25.9884
2026-01-07,25.9056
2026-01-12,25.9176
2026-01-17,25.9616
2026-01-22,26.0029
2026-01-27,26.1001
2026-02-01,26.0959
2026-02-06,26.1851
2026-02-11,26.3461
2026-02-16,26.4749
2026-02-21,26.6818
2026-02-26,26.6502
2026-03-03,26.786
2026-03-08,27.0008
2026-03-13,27.1321
2026-03-18,27.3328
2026-03-23,27.4407
2026-03-28,27.5896
2026-04-02,27.7803
2026-04-07,27.9479
2026-04-12,27.9926
2026-04-17,28.4125
2026-04-22,28.6058
2026-04-27,28.6319
2026-05-02,28.7578
2026-05-07,28.7785
2026-05-12,28.9471
2026-05-17,28.9831
2026-05-22,28.8901
2026-05-27,28.9029
2026-06-01,29.0141
2026-06-06,29.2279
2026-06-11,29.1402
2026-06-16,29.2544
2026-06-21,29.2636
2026-06-26,29.1757
2026-07-01,29.2092
2026-07-06,29.2209
2026-07-11,29.3744
2026-07-16,29.4302
2026-07-21,29.4692
2026-07-26,29.4609
2026-07-31,29.409
2026-08-05,29.4579
2026-08-10,29.548
2026-08-15,29.5579
2026-08-20,29.4733
2026-08-25,29.5624
2026-08-30,29.5298
2026-09-04,29.5537
2026-09-09,29.5778
2026-09-14,29.6369
2026-09-19,29.7889
2026-09-24,29.8829
2026-09-29,29.8651
